,CSE_PlayerID,CSE_EventID,Bucket,Date,CollegeDivision,CollegePlayerType,Obj_FootSpeed_H11,Obj_FootSpeed_H12,Obj_FootSpeed_HH1,Obj_FootSpeed_HH2,Obj_ArmVelo_Throw1,Obj_ArmVelo_Throw2,Obj_ArmVelo_Throw3,Obj_ArmVelo_Throw4,Obj_ArmVelo_Throw5,Obj_ArmVelo_Throw6,Obj_PopTime_Throw1,Obj_PopTime_Throw2,Obj_PopTime_Throw3,Obj_PopTime_Throw4,Obj_ExitVelo_Swing1,Obj_ExitVelo_Swing2,Obj_ExitVelo_Swing3,Plane,Connection,Rotation,BatSpeed,RotationalAcceleration,OnPlaneEfficiency,Power,TimeToContact,PeakHandSpeed,H1,HH,armVelo,exitVelo,notEmpty
303,4291,786,1,10/1/2021,DIvision 1 Mid-Major,Starter,3.14,3.07,11.9,11.77,56,53,60,57,58,56,,,,,58,60,62,46,51,48,55.9,7.2,58,1.7,0.18,15.5,3.105,11.835,56.66666667,60,4
304,4292,786,1,10/1/2021,DIvision 1 Mid-Major,Starter,3.26,3.22,12.09,12.05,55,53,50,51,52,54,,,,,63,81,73,47,49,61,65.5,11.7,60,2.64,0.16,20.3,3.24,12.07,52.5,72.33333333,4
306,4294,786,1,10/1/2021,DIvision 1 Mid-Major,Starter,3.08,3.02,11.2,11.29,51,48,52,54,52,53,,,,,69,61,63,40,48,58,61.1,10.8,52,2.41,0.16,16.3,3.05,11.245,51.66666667,64.33333333,4
307,4295,786,1,10/1/2021,DIvision 1 Mid-Major,Starter,3.15,3.11,11.18,11.19,51,52,46,48,50,49,,,,,78,78,78,27,47,45,66.9,7.7,44,2.73,0.17,20.8,3.13,11.185,49.33333333,78,4
309,4297,786,1,10/1/2021,DIvision 1 Mid-Major,Role Player,3.25,3.75,11.96,11.9,51,50,53,49,52,51,,,,,59,59,74,48,46,55,62.1,9.4,61,2.34,0.18,17.1,3.5,11.93,51,64,4
310,4298,786,1,10/1/2021,DIvision 1 Mid-Major,Role Player,3.06,3.19,11.09,10.9,50,48,51,50,51,49,,,,,68,66,72,66,54,36,63.9,3.4,80,2.1,0.2,17.2,3.125,10.995,49.83333333,68.66666667,4
311,4299,786,1,10/1/2021,DIvision 1 Mid-Major,Role Player,3.35,3.13,12,12.1,53,37,50,63,52,58,,,,,74,68,76,77,43,80,57.9,21.2,91,2.32,0.15,18,3.24,12.05,52.16666667,72.66666667,4
312,4300,786,1,10/1/2021,DIvision 1 Mid-Major,Role Player,3.58,3.39,12.7,12.82,48,46,47,45,47,46,,,,,63,62,62,59,59,40,56.4,5.7,74,1.79,0.18,18.1,3.485,12.76,46.5,62.33333333,4
313,4301,786,1,10/1/2021,DIvision 1 Mid-Major,Starter,3.24,3.16,12.68,12.54,47,48,46,47,47,48,,,,,65,65,73,40,52,45,63.8,6.2,52,2.46,0.18,18.3,3.2,12.61,47.16666667,67.66666667,4
315,4303,786,1,10/1/2021,DIvision 1 Mid-Major,Starter,3.65,3.68,14,13.74,55,48,52,51,50,54,1.72,1.68,1.72,1.7,69,67,70,66,62,54,62.2,9.3,80,2.41,0.17,18.8,3.665,13.87,51.66666667,68.66666667,5
316,4304,786,1,10/1/2021,DIvision 1 Mid-Major,Impact Player,3.24,3.1,11.75,11.92,52,50,52,50,51,53,,,,,76,76,77,64,71,69,58.2,14.4,77,2.35,0.15,18.1,3.17,11.835,51.33333333,76.33333333,4
318,4306,786,1,10/1/2021,DIvision 1 Mid-Major,Role Player,3.25,3.31,11.65,11.7,53,54,51,52,53,53,1.94,1.97,1.78,1.82,70,71,69,62,55,53,63,9,75,2.32,0.17,18,3.28,11.675,52.66666667,70,5
319,4307,786,1,10/1/2021,DIvision 1 Mid-Major,Role Player,3.06,3.03,11.48,11.11,54,55,57,55,56,55,,,,,67,69,64,57,58,63,70.5,12.3,71,3.55,0.14,17.6,3.045,11.295,55.33333333,66.66666667,4
472,3973,793,1,9/25/2021,DIvision 1 Mid-Major,Role Player,3.27,,12.92,,60,60,59,60,60,58,,,,,68,69,70,35,43,59,56.6,11.1,47,1.9,0.17,19.2,3.27,12.92,59.5,69,4
473,3974,793,1,9/25/2021,DIvision 1 Mid-Major,Role Player,2.91,,11.74,,55,55,53,55,54,57,1.97,1.91,1.84,2,67,70,72,68,66,51,62.7,8.1,81,2.37,0.16,19.2,2.91,11.74,54.83333333,69.66666667,5
474,3975,793,1,9/25/2021,DIvision 1 Mid-Major,Role Player,3.16,,11.88,,57,55,60,60,63,60,,,,,68,69,68,54,37,71,55,14.9,67,1.96,0.15,20.5,3.16,11.88,59.16666667,68.33333333,4
476,3977,793,1,9/25/2021,DIvision 1 Mid-Major,Impact Player,2.99,,11.47,,64,62,62,63,59,62,,,,,66,65,65,56,42,39,57.6,5.6,70,1.89,0.18,16,2.99,11.47,62,65.33333333,4
480,3981,793,1,9/25/2021,DIvision 1 Mid-Major,Impact Player,3.09,,12.03,,60,58,57,60,59,59,,,,,79,82,80,54,52,64,65.6,13.9,69,3.05,0.15,21.2,3.09,12.03,58.83333333,80.33333333,4
484,3985,793,1,9/25/2021,DIvision 1 Mid-Major,Starter,3.76,,14.09,,55,55,57,56,58,54,1.78,2.06,1.75,1.99,77,65,79,56,61,44,61.4,7.1,70,2.26,0.18,16.4,3.76,14.09,55.83333333,73.66666667,5
485,3986,793,1,9/25/2021,DIvision 1 Mid-Major,Starter,2.98,,11.61,,51,54,55,53,53,53,,,,,78,81,72,59,59,63,59.8,13.6,74,2.45,0.15,18.9,2.98,11.61,53.16666667,77,4
486,3987,793,1,9/25/2021,DIvision 1 Mid-Major,Role Player,3.5,,13.69,,64,61,62,62,63,61,1.85,1.72,1.81,1.85,74,77,71,50,52,55,61.4,11,65,2.37,0.17,17.6,3.5,13.69,62.16666667,74,5
487,3988,793,1,9/25/2021,DIvision 1 Mid-Major,Role Player,3.17,,12.23,,60,59,59,59,58,61,1.72,1.67,1.68,1.85,73,72,68,38,65,69,55.6,15.7,54,1.94,0.16,18.8,3.17,12.23,59.33333333,71,5
488,3989,793,1,9/25/2021,DIvision 1 Mid-Major,Role Player,3.5,,14.11,,49,49,50,51,48,49,,,,,77,78,62,75,55,45,53.1,6.4,88,1.48,0.19,15.3,3.5,14.11,49.33333333,72.33333333,4
490,3991,793,1,9/25/2021,DIvision 1 Mid-Major,Role Player,3.17,,11.47,,52,53,54,54,53,53,,,,,82,81,86,63,63,64,57.6,12.5,76,1.98,0.16,17.1,3.17,11.47,53.16666667,83,4
491,3992,793,1,9/25/2021,DIvision 1 Mid-Major,Role Player,3.42,,13.35,,54,53,54,49,54,54,,,,,65,68,62,64,59,61,55.4,11.6,77,1.78,0.17,16.4,3.42,13.35,53,65,4
492,3993,793,1,9/25/2021,DIvision 1 Mid-Major,Starter,3.35,,12.74,,60,58,58,58,59,60,1.88,1.81,1.87,1.94,75,73,71,75,52,57,62.9,10.4,89,2.46,0.16,17.7,3.35,12.74,58.83333333,73,5
493,3994,793,1,9/25/2021,DIvision 1 Mid-Major,Role Player,3.41,,12.54,,58,57,55,59,59,58,,,,,77,73,68,62,60,41,56.2,6.3,77,1.77,0.18,16.7,3.41,12.54,57.66666667,72.66666667,4
685,11300,805,1,9/7/2021,DIvision 1 Mid-Major,Impact Player,2.97,,11.44,,64,61,,,,,,,,,70,71,,,,,,,,,,,2.97,11.44,62.5,70.5,4
686,3280,805,1,9/7/2021,DIvision 1 Mid-Major,Starter,3.13,,11.96,,53,52,,,,,,,,,63,64,,76,61,50,51.8,9.2,91,1.6,0.16,17.4,3.13,11.96,52.5,63.5,4
687,3281,805,1,9/7/2021,DIvision 1 Mid-Major,Role Player,3.09,,11.38,,55,50,,,,,,,,,64,64,,54,56,75,55.3,17.8,69,1.95,0.15,19.5,3.09,11.38,52.5,64,4
688,3282,805,1,9/7/2021,DIvision 1 Mid-Major,Impact Player,3.03,,11.68,,55,55,,,,,,,,,69,71,,53,56,64,62.8,13.8,68,2.51,0.15,20.3,3.03,11.68,55,70,4
689,3283,805,1,9/7/2021,DIvision 1 Mid-Major,Starter,3.13,,13.3,,59,58,,,,,,,,,66,68,,54,67,50,62.9,9.2,69,2.07,0.18,18.5,3.13,13.3,58.5,67,4
690,9759,805,1,9/7/2021,DIvision 1 Mid-Major,Starter,3.23,,12.64,,61,58,,,,,,,,,68,68,,,,,,,,,,,3.23,12.64,59.5,68,4
691,3285,805,1,9/7/2021,DIvision 1 Mid-Major,Starter,3.34,,12.38,,52,57,,,,,,,,,63,64,,49,61,64,57.4,13.8,64,2.05,0.16,17.4,3.34,12.38,54.5,63.5,4
693,3287,805,1,9/7/2021,DIvision 1 Mid-Major,Starter,3.07,,11.99,,60,62,,,,,,,,,69,69,,60,71,38,61.3,5.3,75,2.16,0.17,17.6,3.07,11.99,61,69,4
698,3292,805,1,9/7/2021,DIvision 1 Mid-Major,Role Player,2.92,,11.31,,50,50,,,,,,,,,66,66,,60,47,49,60,8.9,74,2.25,0.16,16.6,2.92,11.31,50,66,4
702,3296,805,1,9/7/2021,DIvision 1 Mid-Major,Starter,3.38,,12.41,,58,58,,,,,,,,,68,68,,52,46,47,59.6,8.2,67,2.01,0.17,17.2,3.38,12.41,58,68,4
747,5161,808,1,10/28/2021,Power 5,Starter,3.36,3.3,12.46,12.59,59,60,59,61,61,60,,,,,70,66,71,37,59,37,52,3.4,50,1.21,0.19,16.8,3.33,12.525,60,69,4
748,5162,808,1,10/28/2021,Power 5,Role Player,3.18,3.16,12.08,12.17,53,58,60,62,59,61,1.87,1.78,1.87,1.81,72,68,70,39,54,37,60.2,3.5,51,1.95,0.19,15.6,3.17,12.125,58.83333333,70,5
749,5163,808,1,10/28/2021,Power 5,Starter,3.02,3.03,11.91,11.79,54,55,54,55,54,55,1.72,1.81,1.81,1.87,74,72,75,42,49,58,66.2,10.8,54,2.54,0.17,19.3,3.025,11.85,54.5,73.66666667,5
750,5164,808,1,10/28/2021,Power 5,Role Player,3.16,3.2,11.88,12.1,62,61,61,61,60,61,,,,,67,62,64,61,70,55,53.2,9.6,74,1.7,0.16,16.4,3.18,11.99,61,64.33333333,4
753,5167,808,1,10/28/2021,Power 5,Starter,3.1,3.07,11.48,11.39,62,61,62,65,65,65,,,,,75,76,78,75,54,60,62.2,11.1,88,2.62,0.16,19.7,3.085,11.435,63.33333333,76.33333333,4
756,5170,808,1,10/28/2021,Power 5,Impact Player,2.98,2.92,11.12,11.27,62,62,64,65,64,63,,,,,72,73,72,54,49,52,56.4,10,68,1.88,0.16,16.9,2.95,11.195,63.33333333,72.33333333,4
760,5174,808,1,10/28/2021,Power 5,Starter,2.86,2.82,11.17,11.03,62,61,66,66,67,66,,,,,61,62,64,47,49,41,54.2,6.2,63,1.84,0.17,13.8,2.84,11.1,64.66666667,62.33333333,4
761,5175,808,1,10/28/2021,Power 5,Starter,3.05,2.98,12.07,12.18,58,59,60,60,60,59,,,,,76,78,77,63,51,47,62.4,6.8,77,2.4,0.18,18.5,3.015,12.125,59.33333333,77,4
763,5177,808,1,10/28/2021,Power 5,Impact Player,2.78,2.75,10.31,10.7,59,61,61,62,61,60,,,,,76,75,76,52,54,56,64.1,10,65,2.71,0.16,17.9,2.765,10.505,60.66666667,75.66666667,4
765,5179,808,1,10/28/2021,Power 5,Role Player,3.41,3.37,12.99,12.76,61,61,60,62,61,61,,,,,72,72,71,54,61,69,63.3,14.4,67,2.23,0.17,18.9,3.39,12.875,61,71.66666667,4
766,5180,808,1,10/28/2021,Power 5,Role Player,3.02,3.12,11.47,11.4,60,62,60,63,61,63,,,,,73,72,73,69,62,55,63.3,9.5,83,2.79,0.15,18.2,3.07,11.435,61.5,72.66666667,4
768,4828,809,1,10/15/2021,Division 3,Starter,3.16,3.03,12.63,,56,55,56,,,,,,,,55,61,61,,,,,,,,,,3.095,12.63,55.66666667,59,4
769,4829,809,1,10/15/2021,Division 3,Starter,3.43,3.37,14.53,,45,46,49,,,,,,,,54,48,31,59,72,48,47.2,7.3,72,1.22,0.18,14.8,3.4,14.53,46.66666667,44.33333333,4
770,4830,809,1,10/15/2021,Division 3,Role Player,3.15,3.08,12.45,,46,45,46,,,,,,,,51,47,53,76,22,35,44.3,2.9,90,0.92,0.21,10.8,3.115,12.45,45.66666667,50.33333333,4
771,4831,809,1,10/15/2021,Division 3,Role Player,3.63,3.59,14.1,,42,42,42,,,,,,,,51,49,53,42,50,59,57.1,11,55,1.74,0.18,16.9,3.61,14.1,42,51,4
772,4832,809,1,10/15/2021,Division 3,Starter,3.21,3.29,13.74,,40,42,38,,,,,,,,40,54,52,68,59,46,53.1,6.5,82,1.55,0.19,15.5,3.25,13.74,40,48.66666667,4
773,4833,809,1,10/15/2021,Division 3,Role Player,3.43,3.38,13.77,,39,42,42,,,,,,,,52,46,47,54,59,39,45.5,5.7,69,1.07,0.19,15.9,3.405,13.77,41,48.33333333,4
774,4834,809,1,10/15/2021,Division 3,Role Player,3.49,3.29,13.79,,44,44,44,,,,,,,,48,54,49,,,,,,,,,,3.39,13.79,44,50.33333333,4
776,4836,809,1,10/15/2021,Division 3,Role Player,2.99,3.05,12.08,,58,58,54,,,,,,,,56,58,60,68,57,59,54.4,11,82,1.75,0.17,17.5,3.02,12.08,56.66666667,58,4
778,4838,809,1,10/15/2021,Division 3,Starter,3.4,3.31,13.6,,50,48,50,,,,,,,,55,54,60,44,60,51,55,8.4,56,1.63,0.19,16.8,3.355,13.6,49.33333333,56.33333333,4
779,4839,809,1,10/15/2021,Division 3,Starter,,3.47,13.82,,45,43,42,,,,,,,,57,62,59,50,58,76,54.2,18.4,63,2.01,0.14,20.4,3.47,13.82,43.33333333,59.33333333,4
780,4840,809,1,10/15/2021,Division 3,Starter,3.43,3.51,13.99,,40,42,41,,,,,,,,63,62,57,,,,,,,,,,3.47,13.99,41,60.66666667,4
781,4841,809,1,10/15/2021,Division 3,Role Player,3.24,3.23,13.8,,52,53,49,,,,,,,,66,55,53,,,,,,,,,,3.235,13.8,51.33333333,58,4
782,4842,809,1,10/15/2021,Division 3,Role Player,3.19,3.22,12.6,,36,36,42,,,,,,,,30,29,46,,,,,,,,,,3.205,12.6,38,35,4
784,4844,809,1,10/15/2021,Division 3,Role Player,3.31,3.36,13.64,,54,56,55,,,,,,,,61,55,56,33,45,50,54.3,7.9,45,1.64,0.18,17.3,3.335,13.64,55,57.33333333,4
785,4845,809,1,10/15/2021,Division 3,Impact Player,3.2,3.14,12.96,,50,53,53,,,,,,,,62,61,61,53,54,65,56.3,12.9,67,1.77,0.18,16.9,3.17,12.96,52,61.33333333,4
786,4846,809,1,10/15/2021,Division 3,Role Player,3.39,3.41,14.46,,50,47,49,,,,,,,,63,70,64,69,48,40,52.3,4.5,82,1.44,0.2,13.4,3.4,14.46,48.66666667,65.66666667,4
787,4847,809,1,10/15/2021,Division 3,Impact Player,3.27,3.23,13.89,,47,49,49,,,,,,,,64,60,64,61,48,42,60.3,5.1,74,1.98,0.19,18.7,3.25,13.89,48.33333333,62.66666667,4
789,4849,809,1,10/15/2021,Division 3,Starter,3.29,3.39,14.31,,51,52,53,,,,,,,,77,63,72,,,,,,,,,,3.34,14.31,52,70.66666667,4
790,4850,809,1,10/15/2021,Division 3,Role Player,3.7,3.63,15.56,,42,50,48,,,,,,,,59,57,,,,,,,,,,,3.665,15.56,46.66666667,58,4
792,1402,809,1,10/15/2021,Division 3,Starter,3.06,3.04,12.34,,60,59,64,,,,,,,,56,63,57,54,53,45,57.1,6.3,66,1.67,0.19,18.1,3.05,12.34,61,58.66666667,4
793,1402,809,1,10/15/2021,Division 3,Starter,3.06,3.04,12.34,,60,59,64,,,,,,,,56,63,57,61,51,51,57.4,8.4,74,1.78,0.18,18.8,3.05,12.34,61,58.66666667,4
794,4853,809,1,10/15/2021,Division 3,Role Player,3.36,3.42,14.91,,49,48,49,,,,,,,,49,55,65,53,60,44,49.8,7.1,68,1.29,0.19,13.8,3.39,14.91,48.66666667,56.33333333,4
796,4855,809,1,10/15/2021,Division 3,Role Player,3.63,3.61,14.77,,33,35,36,,,,,,,,42,43,45,45,49,31,34.5,1.7,57,0.42,0.27,11.7,3.62,14.77,34.66666667,43.33333333,4
797,4856,809,1,10/15/2021,Division 3,Role Player,3.29,3.3,13.64,,40,41,44,,,,,,,,62,58,57,53,63,61,57,11.7,65,1.88,0.17,16.4,3.295,13.64,41.66666667,59,4
798,4857,809,1,10/15/2021,Division 3,Starter,3.2,3.16,12.83,,48,51,48,,,,,,,,62,59,69,73,57,55,54.7,9.7,87,1.63,0.18,16.8,3.18,12.83,49,63.33333333,4
902,3638,815,1,9/15/2021,Power 5,Starter,3.05,,12.03,,63,61,,,,,,,,,71,69,,63,53,63,59.1,13.6,78,2.38,0.15,18.1,3.05,12.03,62,70,4
906,3642,815,1,9/15/2021,Power 5,Starter,3.06,,11.59,,48,44,,,,,,,,,75,75,,63,38,50,59,9.3,77,1.96,0.17,17.2,3.06,11.59,46,75,4
907,3643,815,1,9/15/2021,Power 5,Role Player,3.17,,12.8,,57,55,,,,,,,,,74,73,,42,56,60,60.5,12.6,57,2.63,0.15,16.6,3.17,12.8,56,73.5,4
908,3644,815,1,9/15/2021,Power 5,Role Player,3.2,,12.71,,59,51,,,,,,,,,71,69,,61,55,53,54.2,10.4,75,1.79,0.17,14.6,3.2,12.71,55,70,4
910,3646,815,1,9/15/2021,Power 5,Starter,3.04,,11.77,,65,67,,,,,,,,,78,73,,56,51,58,59.3,11.9,71,2.11,0.16,17.2,3.04,11.77,66,75.5,4
911,3647,815,1,9/15/2021,Power 5,Starter,3.06,,12.34,,49,62,,,,,1.87,1.76,,,77,77,,62,58,72,59.3,16.6,76,2.32,0.16,18.3,3.06,12.34,55.5,77,5
913,3649,815,1,9/15/2021,Power 5,Impact Player,3,,11.6,,66,70,,,,,,,,,73,64,,51,51,49,57.3,9,66,2.12,0.17,16.2,3,11.6,68,68.5,4
914,3650,815,1,9/15/2021,Power 5,Impact Player,2.86,,11.39,,58,44,58,60,,,,,,,71,71,,73,50,50,62.4,8.9,87,2.33,0.17,17.5,2.86,11.39,55,71,4
915,3651,815,1,9/15/2021,Power 5,Role Player,3.34,,12.36,,47,50,,,,,,,,,72,73,,47,47,49,60.1,8.8,63,2.27,0.17,16,3.34,12.36,48.5,72.5,4
916,3652,815,1,9/15/2021,Power 5,Role Player,3.08,,12.01,,52,55,,,,,,,,,70,67,,53,47,43,58,6.8,68,2.08,0.17,15.8,3.08,12.01,53.5,68.5,4
918,3654,815,1,9/15/2021,Power 5,Role Player,3.22,,12.13,,56,53,,,,,,,,,74,74,,71,52,80,61.7,21.2,85,2.67,0.15,21.2,3.22,12.13,54.5,74,4
919,3655,815,1,9/15/2021,Power 5,Role Player,3.24,,12.06,,64,62,,,,,,,,,80,81,,71,46,60,63.2,12.8,85,2.36,0.17,18.8,3.24,12.06,63,80.5,4
921,3657,815,1,9/15/2021,Power 5,Role Player,3.25,,12.8,,57,58,,,,,,,,,68,70,,66,50,43,56.1,6.9,80,1.94,0.18,18.2,3.25,12.8,57.5,69,4
922,3658,815,1,9/15/2021,Power 5,Starter,3.38,,12.86,,56,59,,,,,,,,,76,74,,57,59,62,56.5,13.5,71,2.18,0.15,17.1,3.38,12.86,57.5,75,4
923,3659,815,1,9/15/2021,Power 5,Impact Player,3.17,,12.08,,58,51,,,,,1.81,1.75,,,79,78,,59,66,79,62.9,22.7,73,3.04,0.14,18.8,3.17,12.08,54.5,78.5,5
924,3660,815,1,9/15/2021,Power 5,Role Player,2.96,,11.62,,55,55,,,,,,,,,78,76,,53,53,54,62.7,10.4,67,2.32,0.17,18.6,2.96,11.62,55,77,4
925,3661,815,1,9/15/2021,Power 5,Starter,3.24,,12.72,,55,55,,,,,,,,,74,,,55,45,40,55.8,5.9,70,1.69,0.17,14.8,3.24,12.72,55,74,4
927,3663,815,1,9/15/2021,Power 5,Role Player,3.66,,11.66,,44,53,,,,,,,,,74,74,,50,56,50,57,9.2,65,1.85,0.17,16.9,3.66,11.66,48.5,74,4
929,3665,815,1,9/15/2021,Power 5,Starter,2.87,,10.98,,67,62,,,,,,,,,69,67,,64,65,52,59.5,10,79,2.23,0.17,18.8,2.87,10.98,64.5,68,4
953,4190,817,1,9/28/2021,Power 5,Starter,3.14,,12.96,,62,62,,,,,,,,,79,79,,48,48,49,63.2,8.8,63,2.25,0.17,19.6,3.14,12.96,62,79,4
954,4191,817,1,9/28/2021,Power 5,Starter,2.91,,11.29,,58,59,,,,,,,,,68,72,,60,55,52,61.8,10,74,2.34,0.17,17.1,2.91,11.29,58.5,70,4
955,4192,817,1,9/28/2021,Power 5,Role Player,3.01,,11.96,,51,59,,,,,,,,,75,76,,30,53,48,66.3,8.5,45,2.52,0.16,18.3,3.01,11.96,55,75.5,4
956,4193,817,1,9/28/2021,Power 5,Starter,2.86,,11.95,,51,54,,,,,,,,,68,69,,62,56,48,57.9,7.3,75,2,0.18,18.9,2.86,11.95,52.5,68.5,4
957,4194,817,1,9/28/2021,Power 5,Role Player,3.01,,12.26,,61,64,,,,,,,,,71,71,,49,47,69,55.2,15.7,64,1.77,0.16,17.6,3.01,12.26,62.5,71,4
958,4195,817,1,9/28/2021,Power 5,Role Player,2.79,,10.97,,64,56,,,,,,,,,73,75,,42,49,62,66.3,13.2,57,2.79,0.17,20.7,2.79,10.97,60,74,4
959,4196,817,1,9/28/2021,Power 5,Starter,3.02,,12.09,,52,56,,,,,1.81,1.69,,,68,67,,38,51,58,62.3,10.5,51,2.3,0.18,17.3,3.02,12.09,54,67.5,5
960,4197,817,1,9/28/2021,Power 5,Starter,2.96,,11.34,,44,49,,,,,,,,,71,72,,26,31,56,61.7,11.2,42,2.47,0.16,19,2.96,11.34,46.5,71.5,4
962,4199,817,1,9/28/2021,Power 5,Role Player,3.49,,13.35,,58,60,,,,,1.66,1.63,,,64,65,,38,35,49,60.5,7.5,50,2.04,0.19,18.5,3.49,13.35,59,64.5,5
963,4200,817,1,9/28/2021,Power 5,Starter,3.08,,12.02,,64,64,,,,,,,,,77,73,,55,56,64,68.1,12.6,68,3.21,0.15,20.2,3.08,12.02,64,75,4
965,4202,817,1,9/28/2021,Power 5,Starter,2.89,,12.23,,54,57,,,,,,,,,76,72,,51,51,52,65.6,9.9,66,2.68,0.17,18.6,2.89,12.23,55.5,74,4
966,4203,817,1,9/28/2021,Power 5,Impact Player,3.09,,12.17,,48,47,,,,,,,,,76,71,,31,44,56,66.4,11.1,47,2.52,0.16,22.1,3.09,12.17,47.5,73.5,4
969,4206,817,1,9/28/2021,Power 5,Starter,3.07,,12.07,,59,61,,,,,,,,,66,67,,28,45,41,67.5,6.1,45,2.47,0.17,21.2,3.07,12.07,60,66.5,4
970,4207,817,1,9/28/2021,Power 5,Starter,3,,12.04,,69,69,,,,,,,,,75,73,,59,28,40,68.1,5.9,74,2.55,0.19,19.3,3,12.04,69,74,4
971,4208,817,1,9/28/2021,Power 5,Role Player,3.17,,12.65,,54,52,,,,,,,,,65,66,,29,57,47,56,8.2,45,1.76,0.19,18.1,3.17,12.65,53,65.5,4
972,4209,817,1,9/28/2021,Power 5,Starter,3.03,,12.12,,57,59,,,,,1.75,1.77,,,71,71,,35,53,52,63.3,9.8,51,2.49,0.17,17.8,3.03,12.12,58,71,5
973,4455,818,1,10/5/2021,DIvision 1 Mid-Major,Starter,2.85,,11.35,,67,60,,,,,,,,,71,72,,43,43,53,64.9,9,55,2.81,0.16,20,2.85,11.35,63.5,71.5,4
975,4457,818,1,10/5/2021,DIvision 1 Mid-Major,Role Player,2.91,,11.87,,55,57,,,,,,,,,65,66,,58,59,72,57.9,16.6,73,2.03,0.15,17.6,2.91,11.87,56,65.5,4
976,4458,818,1,10/5/2021,DIvision 1 Mid-Major,Role Player,2.86,,10.97,,58,56,,,,,,,,,71,80,,48,65,80,65,23.4,61,2.95,0.13,21.2,2.86,10.97,57,75.5,4
978,4460,818,1,10/5/2021,DIvision 1 Mid-Major,Role Player,3,,11.8,,58,59,,,,,,,,,68,68,,60,47,44,58.8,7.1,75,2.05,0.18,16.5,3,11.8,58.5,68,4
979,4461,818,1,10/5/2021,DIvision 1 Mid-Major,Role Player,3,,11.75,,55,55,,,,,1.9,1.83,,,65,66,,38,36,51,56.1,9.7,54,1.85,0.18,17.9,3,11.75,55,65.5,5
980,4462,818,1,10/5/2021,DIvision 1 Mid-Major,Role Player,3.18,,12.65,,59,61,,,,,,,,,63,64,,54,67,45,59.7,7.7,69,2.02,0.19,18.1,3.18,12.65,60,63.5,4
981,4463,818,1,10/5/2021,DIvision 1 Mid-Major,Role Player,3.1,,10.9,,52,55,,,,,1.75,1.72,,,64,65,,57,51,65,55.5,12.8,70,2.12,0.16,17.3,3.1,10.9,53.5,64.5,5
983,4465,818,1,10/5/2021,DIvision 1 Mid-Major,Role Player,2.89,,11.5,,58,60,,,,,,,,,68,70,,42,46,39,58.3,4.3,55,1.95,0.19,17.8,2.89,11.5,59,69,4
988,4470,818,1,10/5/2021,DIvision 1 Mid-Major,Starter,2.83,,11.18,,56,56,,,,,,,,,69,73,,46,51,74,61.1,17.3,61,2.57,0.15,19.3,2.83,11.18,56,71,4
991,4473,818,1,10/5/2021,DIvision 1 Mid-Major,Starter,2.87,,11.11,,61,61,,,,,,,,,65,67,,31,41,47,60.1,8.1,47,1.93,0.2,16.8,2.87,11.11,61,66,4
992,4474,818,1,10/5/2021,DIvision 1 Mid-Major,Starter,2.82,,10.99,,67,68,,,,,,,,,66,75,,51,59,67,61.3,13.5,64,2.34,0.16,20.6,2.82,10.99,67.5,70.5,4
993,4475,818,1,10/5/2021,DIvision 1 Mid-Major,Starter,2.89,,11.32,,59,65,,,,,,,,,73,79,,71,68,70,63,15.8,85,2.8,0.13,19.7,2.89,11.32,62,76,4
1053,3377,822,1,9/9/2021,DIvision 1 Mid-Major,Starter,3.15,,12.21,,55,55,55,56,54,,,,,,73,61,62,35,43,61,61.3,11.7,47,2.34,0.16,19.3,3.15,12.21,55,65.33333333,4
1054,3378,822,1,9/9/2021,DIvision 1 Mid-Major,Role Player,3.39,,13.3,,55,55,54,52,51,,1.76,1.72,1.77,1.78,56,59,55,32,40,38,57.6,5.1,47,1.8,0.18,15.5,3.39,13.3,53.4,56.66666667,5
1055,3379,822,1,9/9/2021,DIvision 1 Mid-Major,Role Player,3.1,,12.03,,49,49,48,49,49,,,,,,63,61,58,21,38,44,57.6,7.2,35,1.88,0.18,15.2,3.1,12.03,48.8,60.66666667,4
1056,3380,822,1,9/9/2021,DIvision 1 Mid-Major,Starter,2.97,,11.53,,54,55,52,54,55,,,,,,62,69,65,51,49,50,60.5,9.1,66,2.1,0.18,18.4,2.97,11.53,54,65.33333333,4
1057,3381,822,1,9/9/2021,DIvision 1 Mid-Major,Role Player,3.16,,12.79,,48,45,45,47,47,,,,,,58,60,57,55,64,80,58.8,24.5,68,2.03,0.14,20.9,3.16,12.79,46.4,58.33333333,4
1058,3382,822,1,9/9/2021,DIvision 1 Mid-Major,Role Player,3.44,,13.83,,46,52,52,51,52,,,,,,67,67,67,60,58,44,55.1,7.3,74,1.66,0.18,15.3,3.44,13.83,50.6,67,4
1059,3383,822,1,9/9/2021,DIvision 1 Mid-Major,Starter,2.93,,11.46,,66,66,66,60,63,,,,,,66,66,60,42,53,59,57.8,12.2,58,2.36,0.14,18.9,2.93,11.46,64.2,64,4
1060,3384,822,1,9/9/2021,DIvision 1 Mid-Major,Starter,3.02,,11.86,,50,50,55,55,50,,,,,,61,55,64,36,64,51,56.2,9.6,52,2.08,0.16,16.3,3.02,11.86,52,60,4
1061,3385,822,1,9/9/2021,DIvision 1 Mid-Major,Impact Player,3.23,,13.25,,56,56,58,58,56,,,,,,63,62,57,31,49,45,57.1,7.6,46,1.99,0.17,16.5,3.23,13.25,56.8,60.66666667,4
1062,3386,822,1,9/9/2021,DIvision 1 Mid-Major,Starter,3.21,,11.97,,50,50,48,46,48,,,,,,50,48,46,56,36,71,57.2,16.4,71,2.19,0.15,21.4,3.21,11.97,48.4,48,4
1064,9657,822,1,9/9/2021,DIvision 1 Mid-Major,Role Player,2.86,,11.66,,60,61,60,62,60,,,,,,68,62,66,,,,,,,,,,2.86,11.66,60.6,65.33333333,4
1066,3390,822,1,9/9/2021,DIvision 1 Mid-Major,Role Player,3.14,,12.12,,56,57,56,55,57,,1.87,1.85,1.77,1.82,62,61,61,,,,,,,,,,3.14,12.12,56.2,61.33333333,5
1067,3391,822,1,9/9/2021,DIvision 1 Mid-Major,Role Player,2.98,,12.56,,57,56,56,56,53,,,,,,54,61,62,39,49,43,58.7,7,54,2.03,0.17,16.2,2.98,12.56,55.6,59,4
1068,3392,822,1,9/9/2021,DIvision 1 Mid-Major,Starter,3.1,,12.62,,48,50,49,51,48,,,,,,71,66,62,27,34,40,61.7,5.8,43,1.95,0.19,16.5,3.1,12.62,49.2,66.33333333,4
1070,3394,822,1,9/9/2021,DIvision 1 Mid-Major,Role Player,3.37,,12.67,,44,45,46,47,44,,,,,,44,47,46,41,63,38,55.6,5.3,56,1.59,0.19,14.9,3.37,12.67,45.2,45.66666667,4
1071,3395,822,1,9/9/2021,DIvision 1 Mid-Major,Starter,3.11,,13.06,,45,45,43,45,45,,,,,,67,62,60,39,46,56,61,11.3,54,2.3,0.16,17.3,3.11,13.06,44.6,63,4
1072,3396,822,1,9/9/2021,DIvision 1 Mid-Major,Impact Player,2.91,,11.71,,51,47,48,46,48,,,,,,60,64,60,,,,,,,,,,2.91,11.71,48,61.33333333,4
1073,3397,822,1,9/9/2021,DIvision 1 Mid-Major,Impact Player,3.03,,12.31,,46,49,49,47,46,,,,,,60,59,60,23,44,37,57.8,4.9,38,1.77,0.19,18,3.03,12.31,47.4,59.66666667,4
1074,3398,822,1,9/9/2021,DIvision 1 Mid-Major,Role Player,2.95,,11.7,,50,54,51,54,53,,1.82,1.65,1.9,1.84,60,71,68,48,64,56,61,11.4,64,2.29,0.17,16.6,2.95,11.7,52.4,66.33333333,5
1075,3399,822,1,9/9/2021,DIvision 1 Mid-Major,Starter,3.53,,15.3,,46,46,48,47,48,,,,,,59,54,66,,,,,,,,,,3.53,15.3,47,59.66666667,4
1076,3400,822,1,9/9/2021,DIvision 1 Mid-Major,Role Player,3.15,,13.13,,48,50,48,50,47,,,,,,60,56,58,41,49,42,48.6,6.6,56,1.32,0.18,12.8,3.15,13.13,48.6,58,4
1078,3692,823,1,9/16/2021,DIvision 1 Mid-Major,Starter,3.14,,12.7,,55,57,55,,,,,,,,73,71,65,56,57,52,58,9.9,70,2.05,0.16,16.6,3.14,12.7,55.66666667,69.66666667,4
1079,3693,823,1,9/16/2021,DIvision 1 Mid-Major,Starter,3.3,,12.77,,58,56,57,,,,1.8,1.71,1.75,,67,74,74,27,47,53,69.4,10.1,43,2.95,0.17,18.6,3.3,12.77,57,71.66666667,5
1082,3696,823,1,9/16/2021,DIvision 1 Mid-Major,Starter,3.12,,11.72,,59,64,,,,,,,,,76,72,75,64,56,80,62.8,21.7,78,2.56,0.16,19.3,3.12,11.72,61.5,74.33333333,4
1083,3697,823,1,9/16/2021,DIvision 1 Mid-Major,Impact Player,3.39,,13,,48,48,50,,,,,,,,67,64,66,51,52,79,65.3,20.4,66,2.94,0.15,16.3,3.39,13,48.66666667,65.66666667,4
1084,3698,823,1,9/16/2021,DIvision 1 Mid-Major,Impact Player,3.02,,11.95,,49,49,49,,,,,,,,65,60,62,47,55,43,53.5,5.5,60,1.49,0.19,16.6,3.02,11.95,49,62.33333333,4
1085,3699,823,1,9/16/2021,DIvision 1 Mid-Major,Starter,3.55,,14.17,,48,49,50,,,,,,,,66,69,68,38,47,41,61,5.1,50,1.95,0.19,17.5,3.55,14.17,49,67.66666667,4
1086,3700,823,1,9/16/2021,DIvision 1 Mid-Major,Impact Player,3.11,,12.02,,58,55,56,,,,,,,,61,64,65,62,59,59,53.6,10.8,75,1.6,0.18,16.5,3.11,12.02,56.33333333,63.33333333,4
1088,3702,823,1,9/16/2021,DIvision 1 Mid-Major,Role Player,3.02,,11.68,,63,61,64,,,,,,,,72,70,70,48,56,49,58.5,7.7,60,1.97,0.17,18.2,3.02,11.68,62.66666667,70.66666667,4
1089,3703,823,1,9/16/2021,DIvision 1 Mid-Major,Role Player,3.22,,12.24,,51,55,57,,,,,,,,69,66,68,52,46,51,62.8,8.4,65,2.38,0.17,18.7,3.22,12.24,54.33333333,67.66666667,4
1090,3704,823,1,9/16/2021,DIvision 1 Mid-Major,Role Player,3.21,,12.18,,56,57,58,,,,,,,,63,62,62,34,47,47,58,8.2,50,2,0.17,16.3,3.21,12.18,57,62.33333333,4
1091,3705,823,1,9/16/2021,DIvision 1 Mid-Major,Impact Player,3.08,,11.92,,48,52,53,,,,,,,,73,65,71,65,47,49,54.1,8.9,79,1.73,0.17,16.5,3.08,11.92,51,69.66666667,4
1092,3706,823,1,9/16/2021,DIvision 1 Mid-Major,Role Player,3.06,,11.66,,54,57,58,,,,,,,,59,59,61,67,44,56,55.8,11.3,82,1.88,0.16,17,3.06,11.66,56.33333333,59.66666667,4
1093,3707,823,1,9/16/2021,DIvision 1 Mid-Major,Starter,3.35,,12.81,,52,54,56,,,,1.77,1.76,1.97,,69,68,67,36,53,64,65.2,13.8,52,2.58,0.16,19.5,3.35,12.81,54,68,5
1094,3708,823,1,9/16/2021,DIvision 1 Mid-Major,Starter,3.14,,12.11,,61,62,59,,,,,,,,74,64,67,57,50,68,63.8,15.2,72,2.61,0.16,19.2,3.14,12.11,60.66666667,68.33333333,4
1095,3709,823,1,9/16/2021,DIvision 1 Mid-Major,Starter,3.02,,11.72,,56,56,58,,,,,,,,68,69,69,47,47,65,62.9,14.3,62,2.44,0.16,18.7,3.02,11.72,56.66666667,68.66666667,4
1097,3711,823,1,9/16/2021,DIvision 1 Mid-Major,Impact Player,3.21,,12.27,,48,50,49,,,,1.93,1.85,1.79,,65,67,66,21,34,32,54.6,3.1,34,1.52,0.2,16.5,3.21,12.27,49,66,5
1170,4548,827,1,10/7/2021,DIvision 1 Mid-Major,Impact Player,3.08,,11.67,,54,55,56,,,,,,,,78,70,64,60,66,59,59.3,11,73,2.19,0.16,17.5,3.08,11.67,55,70.66666667,4
1171,4549,827,1,10/7/2021,DIvision 1 Mid-Major,Starter,3.1,,11.38,,56,57,60,,,,,,,,69,70,74,77,56,63,60.6,12.4,91,2.23,0.16,19.2,3.1,11.38,57.66666667,71,4
1173,4551,827,1,10/7/2021,DIvision 1 Mid-Major,Starter,2.93,,11.35,,63,63,64,,,,,,,,71,72,74,64,64,54,60.3,9.3,78,2.46,0.15,18.3,2.93,11.35,63.33333333,72.33333333,4
1176,4554,827,1,10/7/2021,DIvision 1 Mid-Major,Starter,3.13,,12.48,,66,63,64,,,,,,,,64,68,69,63,52,61,59.2,11.5,76,2.29,0.16,19.1,3.13,12.48,64.33333333,67,4
1177,4555,827,1,10/7/2021,DIvision 1 Mid-Major,Impact Player,3.26,,12.39,,59,59,59,,,,,,,,60,63,68,26,23,53,56.2,9,38,1.66,0.19,16.6,3.26,12.39,59,63.66666667,4
1178,4556,827,1,10/7/2021,DIvision 1 Mid-Major,Starter,3.41,,12.56,,53,52,54,,,,,,,,63,66,64,45,56,51,58.2,8.4,58,1.92,0.18,15.6,3.41,12.56,53,64.33333333,4
1179,4557,827,1,10/7/2021,DIvision 1 Mid-Major,Starter,3.09,,12.55,,55,56,59,,,,,,,,63,65,68,32,34,41,56.4,4.9,44,1.71,0.18,15.7,3.09,12.55,56.66666667,65.33333333,4
1180,4558,827,1,10/7/2021,DIvision 1 Mid-Major,Starter,2.97,,11.79,,56,54,54,,,,2,1.88,,,63,65,64,61,51,57,55.3,10.1,74,1.96,0.15,15.8,2.97,11.79,54.66666667,64,5
1181,4559,827,1,10/7/2021,DIvision 1 Mid-Major,Impact Player,3.37,,12.34,,55,56,55,,,,,,,,70,66,66,58,56,52,60.7,8.7,71,2.3,0.16,16.7,3.37,12.34,55.33333333,67.33333333,4
1182,4560,827,1,10/7/2021,DIvision 1 Mid-Major,Impact Player,3,,11.2,,64,61,63,,,,,,,,68,73,74,69,58,51,57.9,8.2,82,2.2,0.16,17,3,11.2,62.66666667,71.66666667,4
1185,4563,827,1,10/7/2021,DIvision 1 Mid-Major,Starter,3.21,,12.48,,55,58,60,,,,,,,,68,69,76,46,38,72,59.3,15.3,59,2.46,0.14,20.1,3.21,12.48,57.66666667,71,4
1186,4564,827,1,10/7/2021,DIvision 1 Mid-Major,Starter,3.33,,12.47,,53,55,57,,,,,,,,62,67,64,70,64,64,60.2,12.6,84,2.15,0.16,18.5,3.33,12.47,55,64.33333333,4
1187,4565,827,1,10/7/2021,DIvision 1 Mid-Major,Impact Player,3.14,,12.26,,57,58,60,,,,1.8,1.74,1.65,1.66,70,69,68,67,44,55,56.3,9.7,80,2.2,0.15,16.2,3.14,12.26,58.33333333,69,5
1189,4567,827,1,10/7/2021,DIvision 1 Mid-Major,Starter,3.04,,12.22,,59,62,61,,,,,,,,69,68,67,57,54,46,47.2,6.7,70,1.16,0.19,14.6,3.04,12.22,60.66666667,68,4
1193,4571,827,1,10/7/2021,DIvision 1 Mid-Major,Starter,3.11,,12.62,,57,60,60,,,,1.74,1.91,1.82,,68,69,67,57,62,54,61,9.3,70,2.45,0.16,18,3.11,12.62,59,68,5
1194,4572,827,1,10/7/2021,DIvision 1 Mid-Major,Starter,3.09,,12.65,,57,59,58,,,,1.78,1.86,1.73,,69,73,72,60,47,69,61.7,14.1,74,2.56,0.15,17.7,3.09,12.65,58,71.33333333,5
1195,4573,827,1,10/7/2021,DIvision 1 Mid-Major,Starter,2.98,,11.83,,45,49,46,,,,,,,,65,66,74,53,61,53,61.5,9.1,66,2.39,0.16,17.7,2.98,11.83,46.66666667,68.33333333,4
1219,5001,829,1,10/19/2021,Power 5,Impact Player,2.85,2.86,11.24,,59,58,59,,,,,,,,72,68,71,62,65,48,63.6,8.4,76,2.27,0.17,18.4,2.855,11.24,58.66666667,70.33333333,4
1220,5002,829,1,10/19/2021,Power 5,Impact Player,2.72,2.78,11.08,,66,70,68,,,,,,,,69,74,73,49,55,59,69.2,12.2,64,3.1,0.16,21.2,2.75,11.08,68,72,4
1221,5003,829,1,10/19/2021,Power 5,Impact Player,3.09,3.03,12.16,,57,59,61,,,,,,,,66,61,73,56,63,45,63.4,7.7,71,2.34,0.17,18.3,3.06,12.16,59,66.66666667,4
1223,5005,829,1,10/19/2021,Power 5,Starter,2.91,2.91,11.41,,57,58,59,,,,,,,,65,65,68,66,65,35,60.3,4.2,80,1.99,0.18,18.7,2.91,11.41,58,66,4
1225,5007,829,1,10/19/2021,Power 5,Starter,2.98,3.02,12.11,,63,65,63,,,,,,,,61,64,61,44,55,41,66.4,6.2,59,2.64,0.17,17.4,3,12.11,63.66666667,62,4
1227,5009,829,1,10/19/2021,Power 5,Impact Player,2.71,2.71,11.13,,59,57,60,,,,,,,,74,74,73,50,62,50,65.2,8.1,63,2.6,0.16,18.7,2.71,11.13,58.66666667,73.66666667,4
1229,5011,829,1,10/19/2021,Power 5,Role Player,3.01,3.01,12.21,,57,57,57,,,,,,,,66,65,66,45,56,60,59.1,11.1,58,2.15,0.16,18.7,3.01,12.21,57,65.66666667,4
1230,5012,829,1,10/19/2021,Power 5,Role Player,2.8,2.8,11.5,,68,69,69,,,,,,,,69,70,71,66,60,57,62,10.3,79,2.55,0.15,19.5,2.8,11.5,68.66666667,70,4
1233,5015,829,1,10/19/2021,Power 5,Impact Player,3.1,,12.32,,59,60,62,,,,,,,,68,69,69,50,53,58,65.4,11.9,65,2.97,0.15,17.5,3.1,12.32,60.33333333,68.66666667,4
1235,5017,829,1,10/19/2021,Power 5,Starter,2.61,2.66,10.53,,64,64,64,,,,,,,,67,68,58,66,54,69,60.5,15.7,81,2.61,0.14,19,2.635,10.53,64,64.33333333,4
1237,5019,829,1,10/19/2021,Power 5,Role Player,2.72,2.72,11.13,,66,67,67,,,,,,,,63,52,62,69,40,43,57.1,6.8,83,1.94,0.17,17.7,2.72,11.13,66.66666667,59,4
1239,5021,829,1,10/19/2021,Power 5,Starter,3.06,3.07,12.68,,61,60,60,,,,1.66,1.57,,,67,69,67,69,45,49,62.6,7.6,82,2.31,0.17,18.6,3.065,12.68,60.33333333,67.66666667,5
1241,5023,829,1,10/19/2021,Power 5,Role Player,2.92,2.92,11.79,,61,62,62,,,,1.69,1.71,,,66,67,71,52,58,54,65.5,10.4,67,2.61,0.17,17.6,2.92,11.79,61.66666667,68,5
1242,5024,829,1,10/19/2021,Power 5,Starter,2.79,2.81,10.97,,67,65,65,,,,,,,,73,68,68,38,55,62,64.2,13.1,54,2.85,0.15,18.3,2.8,10.97,65.66666667,69.66666667,4
1243,5025,829,1,10/19/2021,Power 5,Starter,2.92,2.92,11.31,,59,60,61,,,,,,,,68,70,69,58,64,65,61.3,14.3,73,2.43,0.16,20.1,2.92,11.31,60,69,4
1282,5211,833,1,10/29/2021,Power 5,Role Player,3.21,3.13,12.3,12.1,61,60,59,60,59,60,,,,,72,73,71,67,59,45,60.5,6.2,81,2.32,0.17,19.6,3.17,12.2,59.83333333,72,4
1283,5212,833,1,10/29/2021,Power 5,Role Player,3.11,2.87,11.42,11.2,48,47,50,50,50,52,,,,,67,68,68,38,46,55,57.2,11.1,53,2.01,0.16,16.9,2.99,11.31,49.5,67.66666667,4
1284,5213,833,1,10/29/2021,Power 5,Starter,3.16,3.06,11.93,11.9,55,54,57,56,56,55,,,,,63,67,65,64,63,43,59.5,5.6,78,2.23,0.16,17.8,3.11,11.915,55.5,65,4
1285,5214,833,1,10/29/2021,Power 5,Impact Player,3.05,2.97,11.55,11.42,63,62,61,63,61,63,,,,,72,74,71,53,66,50,65.5,9.4,68,2.83,0.15,18.1,3.01,11.485,62.16666667,72.33333333,4
1286,5215,833,1,10/29/2021,Power 5,Role Player,3.12,3.01,11.97,11.85,52,54,55,55,55,55,,,,,67,68,69,69,50,62,59.9,11.9,82,2.36,0.16,17.8,3.065,11.91,54.33333333,68,4
1290,5219,833,1,10/29/2021,Power 5,Impact Player,2.9,3.1,11.5,11.52,51,52,59,60,60,61,,,,,69,67,72,51,52,57,61.5,11.5,66,2.62,0.15,19,3,11.51,57.16666667,69.33333333,4
1291,5220,833,1,10/29/2021,Power 5,Role Player,3.17,3.14,12.58,12.62,53,55,57,57,57,57,,,,,68,69,68,40,48,43,59.4,6.8,55,2.04,0.18,17.2,3.155,12.6,56,68.33333333,4
1293,5222,833,1,10/29/2021,Power 5,Starter,3.44,3.06,12.18,12.22,56,53,56,63,56,56,1.72,1.81,1.69,,74,76,75,45,57,42,63.1,6.7,60,2.39,0.17,17,3.25,12.2,56.66666667,75,5
1294,5223,833,1,10/29/2021,Power 5,Role Player,3.29,3.01,11.7,11.72,59,61,59,61,63,63,,,,,67,70,74,57,46,57,62.6,11.7,72,2.47,0.16,19.5,3.15,11.71,61,70.33333333,4
1296,5225,833,1,10/29/2021,Power 5,Impact Player,2.89,3.02,11.07,,52,53,55,55,56,58,,,,,70,65,68,53,46,57,59,10.2,66,2.16,0.16,20.7,2.955,11.07,54.83333333,67.66666667,4
1299,5228,833,1,10/29/2021,Power 5,Role Player,2.94,2.94,11.12,11.22,54,56,54,58,52,55,,,,,69,68,70,53,58,55,59.7,9.5,66,2.05,0.17,18.3,2.94,11.17,54.83333333,69,4
1301,5230,833,1,10/29/2021,Power 5,Starter,3.14,3.15,11.9,11.97,58,58,53,60,58,61,,,,,75,74,73,,,,,,,,,,3.145,11.935,58,74,4
1303,5232,833,1,10/29/2021,Power 5,Starter,3.31,3.31,12.88,12.82,52,53,54,54,52,53,1.88,2.13,1.94,,68,70,63,61,44,54,62.1,9.4,74,2.67,0.15,17.2,3.31,12.85,53,67,5
1475,13184,845,1,11/4/2021,Power 5,Starter,2.92,,11.7,,58,59,62,,,,,,,,71,70,69,,,,,,,,,,2.92,11.7,59.66666667,70,4
1477,5428,845,1,11/4/2021,Power 5,Impact Player,2.82,,10.94,,61,62,62,,,,,,,,73,71,67,33,42,60,63.6,12.5,49,2.75,0.14,18.8,2.82,10.94,61.66666667,70.33333333,4
1478,5429,845,1,11/4/2021,Power 5,Impact Player,2.92,,11.42,,57,56,59,,,,,,,,65,71,74,53,70,75,63,16.4,66,2.58,0.15,19.8,2.92,11.42,57.33333333,70,4
1481,13186,845,1,11/4/2021,Power 5,Impact Player,2.81,,11.16,,60,59,59,,,,,,,,70,70,66,,,,,,,,,,2.81,11.16,59.33333333,68.66666667,4
1482,5433,845,1,11/4/2021,Power 5,Role Player,2.88,,11.56,,49,50,52,,,,,,,,64,64,60,61,49,59,66.1,12.3,76,2.85,0.16,18.9,2.88,11.56,50.33333333,62.66666667,4
1484,5435,845,1,11/4/2021,Power 5,Role Player,2.88,,11.53,,59,58,61,,,,,,,,70,70,70,61,43,79,61.8,19.3,75,2.49,0.15,21.4,2.88,11.53,59.33333333,70,4
1485,5436,845,1,11/4/2021,Power 5,Impact Player,3.02,,12.42,,60,58,60,,,,,,,,69,75,75,46,49,45,64.1,7.5,61,2.4,0.17,18.6,3.02,12.42,59.33333333,73,4
1486,5437,845,1,11/4/2021,Power 5,Impact Player,2.87,,11.24,,64,66,65,,,,,,,,69,57,71,61,55,64,65.3,12.5,75,2.78,0.16,16.9,2.87,11.24,65,65.66666667,4
1489,13189,845,1,11/4/2021,Power 5,Starter,2.73,,10.82,,57,59,57,,,,,,,,68,69,69,,,,,,,,,,2.73,10.82,57.66666667,68.66666667,4
1490,5441,845,1,11/4/2021,Power 5,Impact Player,2.85,,11.28,,56,50,55,,,,1.96,1.6,1.65,,76,57,77,32,55,49,63.9,7.5,45,2.42,0.17,21,2.85,11.28,53.66666667,70,5
1492,5443,845,1,11/4/2021,Power 5,Starter,3.03,,12.19,,58,54,57,,,,1.84,1.75,1.74,,68,69,55,50,55,49,65.3,7.6,62,2.59,0.16,19.1,3.03,12.19,56.33333333,64,5
1494,13193,845,1,11/4/2021,Power 5,Impact Player,2.83,,11.01,,58,60,62,,,,,,,,56,68,70,,,,,,,,,,2.83,11.01,60,64.66666667,4
1495,5446,845,1,11/4/2021,Power 5,Starter,2.86,,11.59,,57,58,59,,,,,,,,70,69,67,35,63,53,61.4,10.1,51,2.07,0.18,18.5,2.86,11.59,58,68.66666667,4
1559,4309,849,1,10/4/2021,Division 1 Mid-Major,Impact Player,3,,12.02,,57,58,57,,,,1.96,1.91,1.87,,60,64,65,46,49,66,64.4,13.3,59,2.43,0.17,18.5,3,12.02,57.33333333,63,5
1562,4312,849,1,10/4/2021,Division 1 Mid-Major,Impact Player,2.91,,11.68,,64,64,62,,,,,,,,64,63,64,49,52,41,66.8,4.9,62,2.62,0.17,17.5,2.91,11.68,63.33333333,63.66666667,4
1564,4314,849,1,10/4/2021,Division 1 Mid-Major,Starter,3.05,,11.44,,66,65,65,,,,,,,,72,73,71,69,53,79,67.6,20.6,82,3.24,0.14,20.3,3.05,11.44,65.33333333,72,4
1566,4316,849,1,10/4/2021,Division 1 Mid-Major,Impact Player,2.8,,11.39,,58,58,56,,,,,,,,61,59,60,53,60,45,50.9,6.3,66,1.47,0.17,14.1,2.8,11.39,57.33333333,60,4
1568,4318,849,1,10/4/2021,Division 1 Mid-Major,Impact Player,2.82,,11.15,,63,61,61,,,,,,,,71,70,70,54,63,74,59.4,18.1,69,2.32,0.15,21.7,2.82,11.15,61.66666667,70.33333333,4
1569,4319,849,1,10/4/2021,Division 1 Mid-Major,Impact Player,2.96,,11.75,,55,56,56,,,,,,,,70,68,68,49,61,71,66.1,14.9,62,2.77,0.16,18.1,2.96,11.75,55.66666667,68.66666667,4
1571,4321,849,1,10/4/2021,Division 1 Mid-Major,Impact Player,2.75,,10.96,,64,65,65,,,,,,,,64,65,64,60,53,76,65.7,16.8,73,2.94,0.15,19.7,2.75,10.96,64.66666667,64.33333333,4
1573,4323,849,1,10/4/2021,Division 1 Mid-Major,Starter,3.07,,11.78,,56,57,55,,,,,,,,68,70,70,71,65,75,62,16.4,84,2.41,0.16,22.1,3.07,11.78,56,69.33333333,4
1574,4324,849,1,10/4/2021,Division 1 Mid-Major,Starter,2.8,,11.23,,63,63,64,,,,,,,,59,66,63,31,36,55,62.2,9.8,44,2.34,0.16,18.2,2.8,11.23,63.33333333,62.66666667,4
1577,4327,849,1,10/4/2021,Division 1 Mid-Major,Starter,3.29,,13.53,,61,62,62,,,,1.6,1.65,1.57,,68,68,68,42,55,56,58.2,10,55,1.93,0.17,16.7,3.29,13.53,61.66666667,68,5
1580,4330,849,1,10/4/2021,Division 1 Mid-Major,Starter,2.82,,10.84,,61,62,62,,,,,,,,64,63,62,70,46,48,59.5,7.2,83,2.2,0.16,15.3,2.82,10.84,61.66666667,63,4
1581,4331,849,1,10/4/2021,Division 1 Mid-Major,Starter,2.95,,12.01,,60,62,60,,,,,,,,67,69,64,33,49,43,62.8,7,49,2.36,0.17,18.3,2.95,12.01,60.66666667,66.66666667,4
1861,3951,863,1,9/22/2021,DIvision 1 Mid-Major,Impact Player,3.02,,11.2,,62,62,,,,,1.75,1.78,,,73,72,,40,58,77,64.6,17.4,52,2.81,0.15,20.5,3.02,11.2,62,72.5,5
1862,2199,863,1,9/22/2021,DIvision 1 Mid-Major,Role Player,3.23,,12.53,,57,60,,,,,1.91,2,,,66,66,,,,,,,,,,,3.23,12.53,58.5,66,5
1863,3953,863,1,9/22/2021,DIvision 1 Mid-Major,Starter,3.26,,12.51,,60,59,,,,,2,2.03,,,71,65,,55,60,43,58.1,5.7,68,1.67,0.19,17.7,3.26,12.51,59.5,68,5
1865,3955,863,1,9/22/2021,DIvision 1 Mid-Major,Role Player,3.11,,12.51,,57,57,,,,,,,,,71,71,,34,56,59,56.6,10.9,46,1.8,0.18,18.8,3.11,12.51,57,71,4
1866,3956,863,1,9/22/2021,DIvision 1 Mid-Major,Starter,3.02,,11.79,,59,61,,,,,,,,,70,67,,35,39,65,56.1,13.1,48,1.9,0.16,18.5,3.02,11.79,60,68.5,4
1867,3957,863,1,9/22/2021,DIvision 1 Mid-Major,Starter,3.32,,12.66,,59,61,,,,,,,,,73,72,,31,52,46,68.2,6.6,43,2.56,0.17,19.6,3.32,12.66,60,72.5,4
1868,3958,863,1,9/22/2021,DIvision 1 Mid-Major,Role Player,3.26,,12.29,,58,58,,,,,,,,,63,62,,69,52,60,59.6,11.3,83,2.23,0.16,17.6,3.26,12.29,58,62.5,4
1869,3959,863,1,9/22/2021,DIvision 1 Mid-Major,Role Player,3.59,,13.02,,52,52,,,,,2.03,2.03,,,64,58,,49,63,64,50.1,12.6,61,1.54,0.16,16.8,3.59,13.02,52,61,5
1870,3960,863,1,9/22/2021,DIvision 1 Mid-Major,Role Player,3.19,,11.57,,64,64,,,,,,,,,74,72,,68,40,61,61.3,11.7,81,2.18,0.16,20.8,3.19,11.57,64,73,4
1871,3961,863,1,9/22/2021,DIvision 1 Mid-Major,Starter,3.08,,11.78,,63,63,,,,,,,,,69,67,,51,56,59,58,11,64,2,0.16,17.7,3.08,11.78,63,68,4
1872,3962,863,1,9/22/2021,DIvision 1 Mid-Major,Starter,3.65,,13.97,,61,59,,,,,1.81,1.84,,,72,62,,49,59,48,60.5,7.2,62,2.1,0.17,15,3.65,13.97,60,67,5
1874,3964,863,1,9/22/2021,DIvision 1 Mid-Major,Impact Player,2.95,,10.91,,63,64,,,,,,,,,70,67,,44,54,52,61.3,8.6,57,2.2,0.17,17.6,2.95,10.91,63.5,68.5,4
1875,3965,863,1,9/22/2021,DIvision 1 Mid-Major,Role Player,3.25,,12.09,,62,59,,,,,,,,,76,74,,37,52,52,61,8.5,50,2,0.17,19.3,3.25,12.09,60.5,75,4
1876,3966,863,1,9/22/2021,DIvision 1 Mid-Major,Impact Player,3.23,,12.32,,62,64,,,,,,,,,76,75,,44,60,58,65.2,10.5,57,2.66,0.17,19.8,3.23,12.32,63,75.5,4
1877,3967,863,1,9/22/2021,DIvision 1 Mid-Major,Role Player,3.21,,12.33,,58,59,,,,,,,,,64,62,,68,45,64,56.1,12.5,81,1.94,0.16,16.1,3.21,12.33,58.5,63,4
1878,3968,863,1,9/22/2021,DIvision 1 Mid-Major,Starter,3.09,,11.91,,65,62,,,,,,,,,82,76,,62,59,60,66.9,11.3,76,2.59,0.16,19.9,3.09,11.91,63.5,79,4
1879,3969,863,1,9/22/2021,DIvision 1 Mid-Major,Role Player,3.16,,11.51,,55,55,,,,,,,,,73,70,,53,67,57,58.2,10.3,66,2.01,0.17,17.4,3.16,11.51,55,71.5,4
1882,3972,863,1,9/22/2021,DIvision 1 Mid-Major,Impact Player,3.05,,11.58,,68,66,,,,,,,,,79,77,,45,54,55,68.8,9.6,57,2.68,0.17,20.1,3.05,11.58,67,78,4
1911,4361,867,1,9/29/2021,Power 5,Impact Player,3.31,,11.8,,59,60,,,,,,,,,70,66,,38,61,65,65.1,13,51,2.4,0.17,18.8,3.31,11.8,59.5,68,4
1914,4364,867,1,9/29/2021,Power 5,Role Player,3.11,,12.53,,63,60,,,,,1.75,1.81,1.75,,64,64,,46,54,51,66.2,8.4,58,2.49,0.19,19.4,3.11,12.53,61.5,64,5
1915,4365,867,1,9/29/2021,Power 5,Role Player,3.36,,12.3,,66,61,,,,,1.78,1.82,1.91,,68,69,,64,55,64,62.3,12.5,78,2.51,0.16,16.3,3.36,12.3,63.5,68.5,5
1917,4367,867,1,9/29/2021,Power 5,Role Player,3.29,,12.48,,60,60,,,,,,,,,69,69,,36,59,47,67.4,7,49,2.76,0.18,22.5,3.29,12.48,60,69,4
1919,4369,867,1,9/29/2021,Power 5,Role Player,3.31,,12.05,,60,61,,,,,,,,,63,64,,38,51,44,64.7,5.9,50,2.37,0.19,17.5,3.31,12.05,60.5,63.5,4
1920,4370,867,1,9/29/2021,Power 5,Role Player,3.02,,11.2,,69,68,,,,,,,,,65,64,,37,28,50,54.7,7.9,49,1.66,0.17,17.5,3.02,11.2,68.5,64.5,4
1921,4371,867,1,9/29/2021,Power 5,Role Player,3.13,,11.58,,60,59,,,,,,,,,60,59,,38,59,52,47.1,8.5,50,1.13,0.18,15.3,3.13,11.58,59.5,59.5,4
1922,4372,867,1,9/29/2021,Power 5,Role Player,3.18,,12.05,,58,57,,,,,,,,,65,64,,30,46,61,62.1,11.6,42,2.21,0.16,17.4,3.18,12.05,57.5,64.5,4
1923,4373,867,1,9/29/2021,Power 5,Role Player,3.11,,11.88,,61,61,,,,,,,,,62,63,,60,63,61,59.5,11.6,73,2.05,0.16,18.4,3.11,11.88,61,62.5,4
1925,4375,867,1,9/29/2021,Power 5,Role Player,3.02,,12.31,,55,58,,,,,1.88,1.9,1.84,,65,66,,52,58,75,64.9,16.4,65,2.81,0.16,21,3.02,12.31,56.5,65.5,5
1926,4376,867,1,9/29/2021,Power 5,Role Player,2.95,,12.08,,62,62,,,,,,,,,66,64,,35,51,65,65.5,12.8,47,2.52,0.16,19.5,2.95,12.08,62,65,4
1927,4377,867,1,9/29/2021,Power 5,Role Player,3.06,,11.92,,60,58,,,,,,,,,64,63,,33,56,50,65.1,8,45,2.57,0.18,19.4,3.06,11.92,59,63.5,4
2078,5029,878,1,10/20/2021,Power 5,Role Player,3.08,3.26,12.23,,64,64,65,64,66,65,1.78,1.88,1.69,1.79,67,74,66,65,68,78,61.8,18.5,78,2.93,0.13,20.6,3.17,12.23,64.66666667,69,5
2079,5030,878,1,10/20/2021,Power 5,Starter,2.94,2.95,11.31,,63,66,65,61,62,64,1.75,1.87,1.78,1.85,69,71,68,44,42,76,61.9,17.2,57,2.78,0.14,20.7,2.945,11.31,63.5,69.33333333,5
2080,5031,878,1,10/20/2021,Power 5,Role Player,3.26,3.26,12.66,,65,66,66,67,68,68,1.79,1.68,1.75,1.78,77,78,78,52,38,75,67.5,17.8,67,3.04,0.16,20.3,3.26,12.66,66.66666667,77.66666667,5
2081,5032,878,1,10/20/2021,Power 5,Role Player,3.3,3.38,13.03,,58,61,59,61,60,60,,,,,72,73,73,34,41,49,66.3,7.7,46,2.86,0.16,17.8,3.34,13.03,59.83333333,72.66666667,4
2082,5033,878,1,10/20/2021,Power 5,Role Player,3.09,3.14,12.11,,60,58,58,60,60,61,,,,,69,68,69,59,56,51,59.1,8.4,73,2.23,0.16,15.5,3.115,12.11,59.5,68.66666667,4
2083,5034,878,1,10/20/2021,Power 5,Starter,3.39,3.38,12.78,,61,59,61,60,61,61,,,,,73,74,73,77,62,57,57.7,11.7,91,2.07,0.16,16.7,3.385,12.78,60.5,73.33333333,4
2084,5035,878,1,10/20/2021,Power 5,Starter,3.08,3.1,12.14,,59,60,61,60,60,60,,,,,58,66,62,69,59,48,56.9,7.3,82,1.85,0.18,16.4,3.09,12.14,60,62,4
2085,5036,878,1,10/20/2021,Power 5,Role Player,3.11,3.19,12.9,,55,56,57,54,57,56,,,,,70,67,72,64,58,58,59.8,10.8,77,2.25,0.16,18.5,3.15,12.9,55.83333333,69.66666667,4
2086,5037,878,1,10/20/2021,Power 5,Role Player,3.08,3.07,12.22,,59,59,58,59,61,61,,,,,67,70,68,46,46,61,59.4,11.8,59,1.92,0.19,18.4,3.075,12.22,59.5,68.33333333,4
2088,5039,878,1,10/20/2021,Power 5,Starter,3.21,3.22,12.1,,65,66,66,66,65,66,,,,,72,73,73,60,61,42,62.3,5.3,73,2.27,0.18,16.1,3.215,12.1,65.66666667,72.66666667,4
2091,5042,878,1,10/20/2021,Power 5,Role Player,3.11,3.15,12.11,,56,57,55,51,57,57,,,,,66,64,65,38,49,69,57.8,14.2,50,1.93,0.17,17.7,3.13,12.11,55.5,65,4
2092,5043,878,1,10/20/2021,Power 5,Role Player,3.39,3.35,13.4,,50,46,53,50,51,52,,,,,64,64,65,48,52,67,61.5,13.7,60,2.2,0.17,16.9,3.37,13.4,50.33333333,64.33333333,4
2093,5044,878,1,10/20/2021,Power 5,Starter,2.94,2.92,11.36,,55,56,56,56,56,55,,,,,72,70,76,61,56,58,64.1,11.8,75,2.69,0.15,17.3,2.93,11.36,55.66666667,72.66666667,4
2095,5046,878,1,10/20/2021,Power 5,Role Player,3.01,3.07,12.01,,57,58,60,57,60,59,,,,,68,69,69,42,56,71,59.4,14.9,55,2.11,0.17,20.3,3.04,12.01,58.5,68.66666667,4
2096,5047,878,1,10/20/2021,Power 5,Role Player,2.92,2.91,11.49,,61,60,60,60,62,61,,,,,65,62,67,,,,,,,,,,2.915,11.49,60.66666667,64.66666667,4
2101,5915,879,1,11/17/2021,DIvision 1 Mid-Major,Role Player,2.88,,12.46,,58,59,58,,,,,,,,63,71,72,54,47,53,59.8,10.4,69,2.15,0.17,15.7,2.88,12.46,58.33333333,68.66666667,4
2104,5918,879,1,11/17/2021,DIvision 1 Mid-Major,Starter,2.88,,12.03,,59,59,60,,,,,,,,71,71,68,62,46,66,64,14.5,77,2.77,0.15,20.4,2.88,12.03,59.33333333,70,4
2114,5928,879,1,11/17/2021,DIvision 1 Mid-Major,Role Player,2.85,,11.55,,58,61,62,,,,,,,,72,69,72,67,62,44,61.6,7.1,82,2.15,0.17,17.6,2.85,11.55,60.33333333,71,4
2115,5929,879,1,11/17/2021,DIvision 1 Mid-Major,Impact Player,3.09,,12.25,,63,61,61,,,,,,,,72,73,74,61,56,60,61,12.4,75,2.56,0.15,16.6,3.09,12.25,61.66666667,73,4
2457,5615,907,1,11/12/2021,Power 5,Role Player,3.16,,12.35,,58,60,59,,,,,,,,65,69,72,62,57,77,60.2,17.6,75,2.35,0.15,20.2,3.16,12.35,59,68.66666667,4
2458,5616,907,1,11/12/2021,Power 5,Starter,3.29,,12.57,,59,60,62,,,,,,,,70,68,70,40,46,64,62,12.7,53,2.38,0.17,17.5,3.29,12.57,60.33333333,69.33333333,4
2461,5619,907,1,11/12/2021,Power 5,Impact Player,3.23,,11.65,,64,65,64,,,,1.78,,,,82,75,74,72,33,75,63.2,18.2,86,2.85,0.14,21.4,3.23,11.65,64.33333333,77,5
2463,5621,907,1,11/12/2021,Power 5,Role Player,3.26,,12.55,,56,61,61,,,,2,1.87,1.98,,66,67,65,32,27,49,59.1,8.8,47,1.98,0.18,17.2,3.26,12.55,59.33333333,66,5
2465,5623,907,1,11/12/2021,Power 5,Role Player,3.4,,12.93,,62,60,61,,,,,,,,73,70,68,52,60,50,59.8,8.1,65,2.2,0.16,19.5,3.4,12.93,61,70.33333333,4
2466,5624,907,1,11/12/2021,Power 5,Starter,3.35,,12.68,,58,60,60,,,,,,,,73,72,75,35,52,57,70,10.4,47,3.12,0.16,18.7,3.35,12.68,59.33333333,73.33333333,4
2467,5625,907,1,11/12/2021,Power 5,Starter,3.19,,12.49,,57,56,54,,,,,,,,72,74,75,45,41,55,65.5,9.7,58,2.51,0.18,17.2,3.19,12.49,55.66666667,73.66666667,4
2468,5626,907,1,11/12/2021,Power 5,Role Player,3.17,,12.16,,58,55,55,,,,,,,,73,77,71,67,56,62,62.2,13.3,81,2.52,0.15,19.8,3.17,12.16,56,73.66666667,4
2470,5628,907,1,11/12/2021,Power 5,Role Player,3.06,,11.94,,59,60,60,,,,,,,,53,65,64,55,61,48,54.5,9.2,71,1.78,0.16,15.8,3.06,11.94,59.66666667,60.66666667,4
2471,5629,907,1,11/12/2021,Power 5,Starter,3.19,,11.62,,55,54,54,,,,,,,,71,68,66,49,43,60,60.1,11.4,62,2.15,0.16,18.6,3.19,11.62,54.33333333,68.33333333,4
2472,5630,907,1,11/12/2021,Power 5,Starter,3.11,,11.81,,57,57,56,,,,,,,,73,73,70,55,43,48,62.2,9.4,70,2.4,0.16,17.7,3.11,11.81,56.66666667,72,4
2474,5632,907,1,11/12/2021,Power 5,Impact Player,3.35,,12.76,,60,57,57,,,,,,,,83,72,84,55,59,75,63.2,16.2,68,2.87,0.14,20,3.35,12.76,58,79.66666667,4
2475,5633,907,1,11/12/2021,Power 5,Impact Player,2.91,,11.39,,57,57,60,,,,,,,,71,69,71,66,41,52,62.9,8.6,79,2.3,0.18,18.4,2.91,11.39,58,70.33333333,4
2476,5634,907,1,11/12/2021,Power 5,Role Player,3.08,,11.87,,58,52,54,,,,,,,,68,67,72,46,51,56,56,10,59,1.76,0.17,17.1,3.08,11.87,54.66666667,69,4
2477,5635,907,1,11/12/2021,Power 5,Starter,3.13,,11.77,,63,61,66,,,,,,,,76,72,76,50,47,66,63.6,13.2,63,2.75,0.15,18.8,3.13,11.77,63.33333333,74.66666667,4
2480,5638,907,1,11/12/2021,Power 5,Starter,3.21,,12.04,,61,60,61,,,,,,,,72,70,66,54,51,48,61.9,7.1,67,2.12,0.18,16.2,3.21,12.04,60.66666667,69.33333333,4
2584,6040,915,1,12/2/2021,JUCO 1,Starter,3.29,,12.59,,47,47,50,,,,,,,,65,59,71,46,58,71,58.6,15,59,2.19,0.16,19.6,3.29,12.59,48,65,4
2586,6042,915,1,12/2/2021,JUCO 1,Starter,3.21,,12,,56,56,57,,,,,,,,67,60,68,64,73,79,58.1,19.4,77,2.1,0.16,21.6,3.21,12,56.33333333,65,4
2587,6043,915,1,12/2/2021,JUCO 1,Role Player,3.17,,12.22,,58,61,59,,,,,,,,58,62,68,74,43,40,55,5.7,88,1.58,0.19,15,3.17,12.22,59.33333333,62.66666667,4
2588,6044,915,1,12/2/2021,JUCO 1,Impact Player,3.22,,12.18,,59,59,60,,,,,,,,65,76,76,65,46,55,58.4,9.6,78,2,0.17,17.8,3.22,12.18,59.33333333,72.33333333,4
2589,6045,915,1,12/2/2021,JUCO 1,Starter,3.03,,11.85,,57,61,61,,,,,,,,66,66,60,58,61,69,64.4,14.2,72,2.7,0.16,21.1,3.03,11.85,59.66666667,64,4
2590,6046,915,1,12/2/2021,JUCO 1,Starter,3.6,,13.61,,56,57,57,,,,2.01,1.89,1.65,,54,79,79,60,64,51,59.9,8.1,73,2.22,0.16,17.6,3.6,13.61,56.66666667,70.66666667,5
2591,6047,915,1,12/2/2021,JUCO 1,Starter,2.89,,11.25,,57,60,61,,,,,,,,58,63,59,48,34,48,56.7,7.3,61,1.91,0.16,19,2.89,11.25,59.33333333,60,4
2592,6048,915,1,12/2/2021,JUCO 1,Role Player,2.95,,12.08,,65,62,64,,,,1.98,2.08,2.03,,73,69,82,52,59,68,67.6,14,65,3.18,0.14,21.7,2.95,12.08,63.66666667,74.66666667,5
2593,6049,915,1,12/2/2021,JUCO 1,Starter,3.17,,12.39,,59,58,59,,,,,,,,64,56,54,48,60,56,53.7,9.8,61,1.71,0.17,17.9,3.17,12.39,58.66666667,58,4
2594,6050,915,1,12/2/2021,JUCO 1,Role Player,3.25,,12.98,,58,59,57,,,,,,,,49,53,63,53,66,54,62.1,9.3,66,2.4,0.16,17.3,3.25,12.98,58,55,4
2595,6051,915,1,12/2/2021,JUCO 1,Impact Player,2.84,,11.36,,59,59,61,,,,,,,,68,68,67,29,31,42,52.4,5.3,41,1.49,0.18,15.9,2.84,11.36,59.66666667,67.66666667,4
2596,6052,915,1,12/2/2021,JUCO 1,Starter,3.01,,11.65,,60,64,64,,,,2.02,2,2.2,,70,65,69,46,41,47,57.2,6.9,58,1.9,0.18,17.5,3.01,11.65,62.66666667,68,5
2597,6053,915,1,12/2/2021,JUCO 1,Role Player,2.96,,11.44,,60,62,59,,,,,,,,65,68,66,78,60,53,51.1,9,92,1.55,0.16,16.1,2.96,11.44,60.33333333,66.33333333,4
2598,6054,915,1,12/2/2021,JUCO 1,Starter,2.92,,12.26,,60,58,57,,,,,,,,66,71,64,69,66,75,55,16.7,82,1.97,0.15,20.2,2.92,12.26,58.33333333,67,4
2599,6055,915,1,12/2/2021,JUCO 1,Impact Player,3.15,,12.25,,63,64,65,,,,,,,,61,57,58,39,55,50,60.6,7.9,52,2.18,0.17,17.4,3.15,12.25,64,58.66666667,4
2600,6056,915,1,12/2/2021,JUCO 1,Role Player,3.1,,12.52,,58,59,59,,,,,,,,63,57,63,55,63,40,56.5,4.4,68,1.64,0.2,17.1,3.1,12.52,58.66666667,61,4
2601,6057,915,1,12/2/2021,JUCO 1,Starter,2.91,,12.17,,50,51,52,,,,,,,,62,61,59,48,59,69,55.4,14.2,60,1.95,0.15,18.9,2.91,12.17,51,60.66666667,4
2602,5812,916,1,11/18/2021,DIvision 1 Mid-Major,Starter,3.08,3,12.98,,57,56,,,,,,,,,77,77,,45,54,46,64.2,6.7,57,2.55,0.17,17.9,3.04,12.98,56.5,77,4
2603,5813,916,1,11/18/2021,DIvision 1 Mid-Major,Starter,3.14,3.13,12.17,,60,61,,,,,,,,,74,75,,44,59,46,59,6.6,56,1.92,0.18,17.8,3.135,12.17,60.5,74.5,4
2605,5815,916,1,11/18/2021,DIvision 1 Mid-Major,Starter,3.15,3.15,12.41,,64,64,,,,,,,,,81,76,,46,45,41,58.4,4.9,59,1.94,0.16,18.1,3.15,12.41,64,78.5,4
2606,5816,916,1,11/18/2021,DIvision 1 Mid-Major,Role Player,3.02,2.99,12.35,,57,55,,,,,,,,,61,74,,40,57,72,64.7,15.3,53,2.34,0.16,19,3.005,12.35,56,67.5,4
2607,5817,916,1,11/18/2021,DIvision 1 Mid-Major,Role Player,3.12,3.03,12.41,,47,48,,,,,,,,,69,68,,38,44,41,58.5,5.1,50,1.81,0.19,17.4,3.075,12.41,47.5,68.5,4
2609,5819,916,1,11/18/2021,DIvision 1 Mid-Major,Role Player,2.89,2.84,11.24,,57,57,,,,,,,,,70,75,,73,69,63,59.1,12.1,86,2.14,0.15,18.3,2.865,11.24,57,72.5,4
2612,5822,916,1,11/18/2021,DIvision 1 Mid-Major,Impact Player,3.03,3.09,12.3,,59,59,,,,,,,,,72,76,,35,47,36,64,3.4,48,2.29,0.18,17,3.06,12.3,59,74,4
2613,5823,916,1,11/18/2021,DIvision 1 Mid-Major,Impact Player,2.98,2.99,11.8,,58,54,,,,,,,,,65,65,,38,54,41,54.7,5,51,1.6,0.18,15.8,2.985,11.8,56,65,4
2614,5824,916,1,11/18/2021,DIvision 1 Mid-Major,Role Player,2.8,2.79,11.14,,52,55,,,,,,,,,65,63,,58,58,37,53.3,3.5,71,1.38,0.21,16,2.795,11.14,53.5,64,4
2615,5825,916,1,11/18/2021,DIvision 1 Mid-Major,Role Player,3.3,3.24,12.87,,51,51,,,,,,,,,65,66,,48,62,50,58.8,7.9,60,1.87,0.19,18.1,3.27,12.87,51,65.5,4
2617,5827,916,1,11/18/2021,DIvision 1 Mid-Major,Starter,3.36,3.32,13.4,,60,61,,,,,,,,,76,76,,27,44,43,67.3,5.7,39,2.53,0.18,19.1,3.34,13.4,60.5,76,4
2618,5828,916,1,11/18/2021,DIvision 1 Mid-Major,Starter,3.18,3.18,12.66,,52,56,,,,,1.81,1.91,,,75,78,,33,57,55,61.5,9.6,45,2.08,0.17,18.2,3.18,12.66,54,76.5,5
2619,5829,916,1,11/18/2021,DIvision 1 Mid-Major,Impact Player,3,2.98,12.04,,59,61,,,,,1.69,1.63,,,70,72,,70,56,56,57.2,10.1,84,1.73,0.17,20.6,2.99,12.04,60,71,5
2620,5830,916,1,11/18/2021,DIvision 1 Mid-Major,Starter,2.76,2.71,10.76,,64,66,,,,,,,,,64,65,,68,56,62,60.3,11.8,81,2.31,0.15,17.5,2.735,10.76,65,64.5,4
2621,5831,916,1,11/18/2021,DIvision 1 Mid-Major,Starter,2.87,2.83,11.17,,63,63,,,,,,,,,81,71,,63,72,69,63.5,14.2,77,2.37,0.16,20.4,2.85,11.17,63,76,4
2622,5832,916,1,11/18/2021,DIvision 1 Mid-Major,Starter,3.08,3.08,12.17,,54,58,,,,,1.63,1.88,,,72,73,,56,41,57,58.4,10.2,69,1.86,0.16,17.5,3.08,12.17,56,72.5,5
2623,5833,916,1,11/18/2021,DIvision 1 Mid-Major,Role Player,3.3,3.23,13.4,,56,57,,,,,1.94,1.88,,,68,69,,56,61,51,57.7,8.4,69,1.94,0.17,17.7,3.265,13.4,56.5,68.5,5
2670,5989,919,1,11/22/2021,Power 5,Impact Player,3.12,3.09,12.45,,65,67,66,,,,,,,,65,60,64,29,36,60,62.6,11.2,42,2.47,0.16,19.1,3.105,12.45,66,63,4
2671,5990,919,1,11/22/2021,Power 5,Starter,3,2.93,11.55,,61,62,63,,,,,,,,61,65,61,66,60,50,55.7,7.8,80,1.93,0.16,16.6,2.965,11.55,62,62.33333333,4
2672,5991,919,1,11/22/2021,Power 5,Role Player,3.09,3.06,12.45,,51,54,52,,,,,,,,60,62,62,46,65,51,56.3,8.3,58,1.95,0.16,16,3.075,12.45,52.33333333,61.33333333,4
2673,5992,919,1,11/22/2021,Power 5,Role Player,2.98,3,12.3,,58,59,56,,,,1.64,1.75,1.73,,65,69,68,66,52,80,59.1,21.5,79,2.62,0.13,19.4,2.99,12.3,57.66666667,67.33333333,5
2674,5993,919,1,11/22/2021,Power 5,Role Player,2.98,2.94,11.51,,54,53,54,,,,,,,,56,55,54,,,,,,,,,,2.96,11.51,53.66666667,55,4
2676,5995,919,1,11/22/2021,Power 5,Starter,2.84,2.76,10.94,,69,70,72,,,,1.65,1.65,1.68,,63,66,65,70,68,56,56.3,10,83,1.96,0.16,15.8,2.8,10.94,70.33333333,64.66666667,5
2677,12257,919,1,11/22/2021,Power 5,Role Player,3.11,2.97,11.61,,56,55,54,,,,,,,,65,63,70,,,,,,,,,,3.04,11.61,55,66,4
2678,5997,919,1,11/22/2021,Power 5,Role Player,3.33,3.32,13.66,,58,61,60,,,,,,,,66,67,68,56,51,59,61.9,11,69,2.24,0.17,18,3.325,13.66,59.66666667,67,4
2679,5998,919,1,11/22/2021,Power 5,Starter,3.05,2.97,11.7,,55,56,56,,,,,,,,64,65,59,65,58,56,55.6,9.8,78,1.83,0.17,16.9,3.01,11.7,55.66666667,62.66666667,4
2680,5999,919,1,11/22/2021,Power 5,Role Player,3.04,3.01,11.97,,57,57,57,,,,,,,,72,75,72,50,55,53,67,8.9,63,2.65,0.17,17.9,3.025,11.97,57,73,4
2681,6000,919,1,11/22/2021,Power 5,Impact Player,2.8,2.8,11.03,,65,62,63,,,,,,,,76,77,72,65,65,69,60.5,14.5,78,2.28,0.16,19.5,2.8,11.03,63.33333333,75,4
2682,6001,919,1,11/22/2021,Power 5,Starter,3.02,2.98,12.23,,56,59,55,,,,,,,,55,54,55,38,45,42,50.7,5.2,50,1.38,0.18,15.4,3,12.23,56.66666667,54.66666667,4
2683,6002,919,1,11/22/2021,Power 5,Starter,3.26,3.28,13.04,,57,58,58,,,,1.75,1.72,1.79,,68,69,66,61,49,54,63.1,9.2,74,2.33,0.17,18.3,3.27,13.04,57.66666667,67.66666667,5
2684,6003,919,1,11/22/2021,Power 5,Impact Player,2.88,2.89,11.45,,50,50,53,,,,,,,,58,65,65,50,67,65,64.4,12.9,62,2.74,0.15,19.5,2.885,11.45,51,62.66666667,4
2686,6005,919,1,11/22/2021,Power 5,Role Player,3.25,3.29,13.12,,53,53,52,,,,,,,,66,65,65,53,53,78,59,18.4,66,2.16,0.16,17.3,3.27,13.12,52.66666667,65.33333333,4
2687,6006,919,1,11/22/2021,Power 5,Role Player,3.36,3.41,13.21,,52,52,53,,,,,,,,69,71,65,57,75,76,60.9,16.9,70,2.31,0.16,19.5,3.385,13.21,52.33333333,68.33333333,4
3147,11003,1457,1,9/20/2022,Power 5,Role Player,3.21,,12.08,,57,58,57,,,,,,,,70,69,,,,,,,,,,,3.21,12.08,57.33333333,69.5,4
3148,11004,1457,1,9/20/2022,Power 5,Starter,3.11,,11.68,,58,59,59,,,,1.75,1.78,1.75,,69,64,,,,,,,,,,,3.11,11.68,58.66666667,66.5,5
3149,11005,1457,1,9/20/2022,Power 5,Starter,3.13,,11.98,,51,52,52,,,,,,,,63,62,,,,,,,,,,,3.13,11.98,51.66666667,62.5,4
3150,11006,1457,1,9/20/2022,Power 5,Role Player,3.16,,11.89,,51,50,49,,,,,,,,67,67,,,,,,,,,,,3.16,11.89,50,67,4
3152,11008,1457,1,9/20/2022,Power 5,Role Player,3.13,,12.62,,53,53,53,,,,,,,,64,60,,,,,,,,,,,3.13,12.62,53,62,4
3153,11009,1457,1,9/20/2022,Power 5,Impact Player,3.04,,11.73,,52,57,58,,,,,,,,69,69,,,,,,,,,,,3.04,11.73,55.66666667,69,4
3156,11012,1457,1,9/20/2022,Power 5,Role Player,3.16,,12.17,,55,55,56,,,,1.94,1.95,1.84,,63,66,,,,,,,,,,,3.16,12.17,55.33333333,64.5,5
3158,11014,1457,1,9/20/2022,Power 5,Starter,3.08,,11.76,,60,61,62,,,,,,,,71,70,,,,,,,,,,,3.08,11.76,61,70.5,4
3159,11015,1457,1,9/20/2022,Power 5,Role Player,3.52,,13.19,,49,49,51,,,,,,,,64,65,,,,,,,,,,,3.52,13.19,49.66666667,64.5,4
3160,6695,1457,1,9/20/2022,Power 5,Role Player,3.29,,13.16,,43,46,42,,,,,,,,62,60,,,,,,,,,,,3.29,13.16,43.66666667,61,4
3161,11017,1457,1,9/20/2022,Power 5,Starter,3.09,,12.18,,52,50,50,,,,,,,,73,72,,,,,,,,,,,3.09,12.18,50.66666667,72.5,4
3163,11019,1457,1,9/20/2022,Power 5,Role Player,3.38,,13.48,,61,62,64,,,,1.82,1.81,1.81,,61,63,,,,,,,,,,,3.38,13.48,62.33333333,62,5
3164,10409,1511,1,9/13/2022,DIvision 1 Mid-Major,Starter,3.14,3.12,11.99,,62,62,63,62,61,62,,,,,64,64,65,,,,,,,,,,3.13,11.99,62,64.33333333,4
3165,10410,1511,1,9/13/2022,DIvision 1 Mid-Major,Starter,2.87,2.76,10.9,,57,55,62,58,62,63,,,,,76,74,79,,,,,,,,,,2.815,10.9,59.5,76.33333333,4
3166,10411,1511,1,9/13/2022,DIvision 1 Mid-Major,Impact Player,2.88,2.9,11.41,,58,55,55,58,59,60,,,,,70,73,69,,,,,,,,,,2.89,11.41,57.5,70.66666667,4
3167,10412,1511,1,9/13/2022,DIvision 1 Mid-Major,Role Player,3.32,3.24,12.49,,53,55,56,55,56,56,,,,,64,63,61,,,,,,,,,,3.28,12.49,55.16666667,62.66666667,4
3169,10414,1511,1,9/13/2022,DIvision 1 Mid-Major,Role Player,3.55,3.42,13.5,,60,59,59,60,61,60,1.78,1.87,1.81,1.81,60,62,64,,,,,,,,,,3.485,13.5,59.83333333,62,5
3170,10415,1511,1,9/13/2022,DIvision 1 Mid-Major,Impact Player,3.29,3.18,12.38,,59,59,59,59,60,60,1.82,1.78,1.76,1.62,66,67,67,,,,,,,,,,3.235,12.38,59.33333333,66.66666667,5
3171,10417,1511,1,9/13/2022,DIvision 1 Mid-Major,Role Player,3.44,3.46,13.62,,58,60,60,57,59,59,,,,,56,62,64,,,,,,,,,,3.45,13.62,58.83333333,60.66666667,4
3172,10418,1511,1,9/13/2022,DIvision 1 Mid-Major,Impact Player,3.01,2.97,11.27,,54,56,57,57,56,59,,,,,63,62,62,,,,,,,,,,2.99,11.27,56.5,62.33333333,4
3173,10419,1511,1,9/13/2022,DIvision 1 Mid-Major,Starter,3.03,3.02,11.89,,52,50,54,53,51,54,,,,,67,71,67,,,,,,,,,,3.025,11.89,52.33333333,68.33333333,4
3174,10420,1511,1,9/13/2022,DIvision 1 Mid-Major,Starter,3.12,3.13,12.07,,61,63,64,63,65,66,,,,,67,68,68,,,,,,,,,,3.125,12.07,63.66666667,67.66666667,4
3175,10423,1511,1,9/13/2022,DIvision 1 Mid-Major,Starter,3.07,3.09,12.21,,58,59,61,58,62,59,1.78,1.82,1.75,1.75,68,73,71,,,,,,,,,,3.08,12.21,59.5,70.66666667,5
3176,10425,1511,1,9/13/2022,DIvision 1 Mid-Major,Starter,3.05,3.06,11.77,,60,61,61,61,61,62,,,,,69,68,67,,,,,,,,,,3.055,11.77,61,68,4
3177,10427,1511,1,9/13/2022,DIvision 1 Mid-Major,Impact Player,3.35,3.34,13.33,,58,59,58,59,60,60,1.84,1.87,1.9,1.81,65,69,66,,,,,,,,,,3.345,13.33,59,66.66666667,5
3178,10428,1511,1,9/13/2022,DIvision 1 Mid-Major,Role Player,3.43,3.48,13.53,,54,54,56,54,57,56,,,,,62,69,65,,,,,,,,,,3.455,13.53,55.16666667,65.33333333,4
3179,10429,1511,1,9/13/2022,DIvision 1 Mid-Major,Impact Player,3.33,3.32,13.1,,57,59,59,59,58,58,,,,,70,64,74,,,,,,,,,,3.325,13.1,58.33333333,69.33333333,4
3180,10430,1511,1,9/13/2022,DIvision 1 Mid-Major,Starter,3.18,3.18,12.77,,59,61,59,59,60,59,,,,,69,68,70,,,,,,,,,,3.18,12.77,59.5,69,4
3745,12120,1569,1,10/18/2022,DIvision 1 Mid-Major,Role Player,2.83,,11.55,,67,68,67,,,,,,,,59,63,65,,,,,,,,,,2.83,11.55,67.33333333,62.33333333,4
3746,12121,1569,1,10/18/2022,DIvision 1 Mid-Major,Starter,3.2,,13.59,,52,53,55,,,,,,,,63,58,60,,,,,,,,,,3.2,13.59,53.33333333,60.33333333,4
3747,12122,1569,1,10/18/2022,DIvision 1 Mid-Major,Role Player,2.89,,11.8,,60,62,55,,,,,,,,62,63,64,,,,,,,,,,2.89,11.8,59,63,4
3748,12123,1569,1,10/18/2022,DIvision 1 Mid-Major,Role Player,2.85,,11.83,,51,56,57,,,,,,,,62,59,56,,,,,,,,,,2.85,11.83,54.66666667,59,4
3749,12124,1569,1,10/18/2022,DIvision 1 Mid-Major,Role Player,2.85,,11.97,,57,50,58,,,,,,,,65,66,66,,,,,,,,,,2.85,11.97,55,65.66666667,4
3750,12125,1569,1,10/18/2022,DIvision 1 Mid-Major,Starter,3.05,,12.1,,65,65,66,,,,,,,,73,73,67,,,,,,,,,,3.05,12.1,65.33333333,71,4
3751,12127,1569,1,10/18/2022,DIvision 1 Mid-Major,Starter,3,,12.99,,65,61,63,,,,,,,,72,69,70,,,,,,,,,,3,12.99,63,70.33333333,4
3752,12128,1569,1,10/18/2022,DIvision 1 Mid-Major,Role Player,2.75,,11.08,,52,57,48,,,,,,,,56,60,64,,,,,,,,,,2.75,11.08,52.33333333,60,4
3753,12129,1569,1,10/18/2022,DIvision 1 Mid-Major,Role Player,2.97,,12.21,,59,60,60,,,,,,,,69,65,70,,,,,,,,,,2.97,12.21,59.66666667,68,4
3754,12130,1569,1,10/18/2022,DIvision 1 Mid-Major,Impact Player,2.84,,11.32,,53,54,61,,,,,,,,63,65,64,,,,,,,,,,2.84,11.32,56,64,4
3755,12131,1569,1,10/18/2022,DIvision 1 Mid-Major,Impact Player,2.94,,11.89,,63,63,62,,,,,,,,68,64,64,,,,,,,,,,2.94,11.89,62.66666667,65.33333333,4
3756,12133,1569,1,10/18/2022,DIvision 1 Mid-Major,Starter,3.01,,12.84,,60,62,62,,,,,,,,72,67,72,,,,,,,,,,3.01,12.84,61.33333333,70.33333333,4
3757,12134,1569,1,10/18/2022,DIvision 1 Mid-Major,Role Player,3.1,,12.79,,57,59,58,,,,2.03,1.97,1.85,1.94,57,58,54,,,,,,,,,,3.1,12.79,58,56.33333333,5
3759,12136,1569,1,10/18/2022,DIvision 1 Mid-Major,Impact Player,3.2,,13.15,,56,64,63,,,,1.75,1.94,1.79,1.81,69,66,67,,,,,,,,,,3.2,13.15,61,67.33333333,5
3761,12139,1569,1,10/18/2022,DIvision 1 Mid-Major,Role Player,2.92,,11.98,,60,59,60,,,,,,,,58,60,59,,,,,,,,,,2.92,11.98,59.66666667,59,4
3762,12140,1569,1,10/18/2022,DIvision 1 Mid-Major,Starter,2.88,,11.13,,67,64,66,,,,,,,,58,71,71,,,,,,,,,,2.88,11.13,65.66666667,66.66666667,4
3763,12141,1569,1,10/18/2022,DIvision 1 Mid-Major,Starter,3.22,,13.1,,56,57,57,,,,1.81,1.85,1.81,1.78,69,69,63,,,,,,,,,,3.22,13.1,56.66666667,67,5
3764,12138,1569,1,10/18/2022,DIvision 1 Mid-Major,Impact Player,3.14,,12.73,,42,50,48,,,,,,,,67,65,66,,,,,,,,,,3.14,12.73,46.66666667,66,4
3942,12151,1586,1,10/17/2022,Division 1,Role Player,2.81,2.8,11.43,11.41,61,58,58,57,,,,,,,67,66,65,,,,,,,,,,2.805,11.42,58.5,66,4
3943,4462,1586,1,10/17/2022,Division 1,Role Player,3.22,3.2,12.68,12.87,59,56,55,52,,,,,,,61,60,57,54,67,45,59.7,7.7,69,2.02,0.19,18.1,3.21,12.775,55.5,59.33333333,4
3944,12152,1586,1,10/17/2022,Division 1,Starter,2.88,2.68,11.4,11.27,61,62,60,56,,,,,,,72,70,61,,,,,,,,,,2.78,11.335,59.75,67.66666667,4
3945,12153,1586,1,10/17/2022,Division 1,Role Player,2.8,2.75,11.4,11.47,52,51,51,49,,,,,,,70,68,65,,,,,,,,,,2.775,11.435,50.75,67.66666667,4
3946,4464,1586,1,10/17/2022,Division 1,Starter,3.13,3.17,12.9,12.9,59,60,61,60,,,,,,,73,72,72,57,55,79,65.2,21.9,71,2.98,0.15,20.4,3.15,12.9,60,72.33333333,4
3947,4457,1586,1,10/17/2022,Division 1,Starter,2.87,2.84,12.2,12.15,62,64,61,60,,,,,,,73,72,69,58,59,72,57.9,16.6,73,2.03,0.15,17.6,2.855,12.175,61.75,71.33333333,4
3948,4465,1586,1,10/17/2022,Division 1,Role Player,2.82,2.86,11.31,11.42,61,61,59,59,,,,,,,64,64,63,42,46,39,58.3,4.3,55,1.95,0.19,17.8,2.84,11.365,60,63.66666667,4
3949,12154,1586,1,10/17/2022,Division 1,Role Player,3.05,3.04,12.3,12.23,53,52,52,50,,,1.84,2,2.06,1.97,68,66,65,,,,,,,,,,3.045,12.265,51.75,66.33333333,5
3951,4470,1586,1,10/17/2022,Division 1,Starter,2.88,2.9,11.62,11.5,55,58,57,56,,,,,,,73,74,73,46,51,74,61.1,17.3,61,2.57,0.15,19.3,2.89,11.56,56.5,73.33333333,4
3952,2210,1586,1,10/17/2022,Division 1,Role Player,2.87,2.85,12.16,12.24,60,59,59,57,,,,,,,68,68,60,,,,,,,,,,2.86,12.2,58.75,65.33333333,4
3953,4463,1586,1,10/17/2022,Division 1,Role Player,2.9,2.87,11.55,11.59,61,60,61,60,,,,,,,65,65,65,57,51,65,55.5,12.8,70,2.12,0.16,17.3,2.885,11.57,60.5,65,4
3954,4455,1586,1,10/17/2022,Division 1,Role Player,2.94,2.83,11.6,11.84,70,69,72,64,,,,,,,74,73,68,43,43,53,64.9,9,55,2.81,0.16,20,2.885,11.72,68.75,71.66666667,4
3956,4459,1586,1,10/17/2022,Division 1,Starter,3.21,2.95,12.2,12.2,53,56,55,53,,,,,,,70,70,72,64,54,47,59.8,6.8,78,1.86,0.18,17.2,3.08,12.2,54.25,70.66666667,4
3960,4475,1586,1,10/17/2022,Division 1,Starter,3.05,2.82,12.2,11.6,56,68,59,66,,,,,,,77,75,72,71,68,70,63,15.8,85,2.8,0.13,19.7,2.935,11.9,62.25,74.66666667,4
3961,12159,1586,1,10/17/2022,Division 1,Role Player,2.92,3.03,11.84,12.27,63,63,61,60,,,,,,,66,65,65,,,,,,,,,,2.975,12.055,61.75,65.33333333,4
3962,4474,1586,1,10/17/2022,Division 1,Starter,2.8,2.93,11.1,11.21,70,66,66,64,,,,,,,69,68,65,51,59,67,61.3,13.5,64,2.34,0.16,20.6,2.865,11.155,66.5,67.33333333,4
3963,12160,1586,1,10/17/2022,Division 1,Role Player,2.97,2.95,11.47,11.62,49,60,52,50,,,,,,,65,64,63,,,,,,,,,,2.96,11.545,52.75,64,4
3964,4461,1586,1,10/17/2022,Division 1,Role Player,3.17,2.91,12.13,12,51,48,54,52,,,1.81,2,1.91,2.01,68,65,64,38,36,51,56.1,9.7,54,1.85,0.18,17.9,3.04,12.065,51.25,65.66666667,5
3965,4469,1586,1,10/17/2022,Division 1,Starter,3.09,3.03,11.84,11.83,60,58,62,57,,,,,,,66,65,64,,,,,,,,,,3.06,11.835,59.25,65,4
3966,12161,1586,1,10/17/2022,Division 1,Role Player,3.03,3.16,12.39,12.35,55,53,56,54,,,1.87,2.03,1.94,1.9,66,66,63,,,,,,,,,,3.095,12.37,54.5,65,5
4144,12308,1603,1,10/25/2022,Division 1 Mid-Major,Starter,3.2,3.2,12.18,,56,57,,,,,,,,,68,67,70,,,,,,,,,,3.2,12.18,56.5,68.33333333,4
4145,12309,1603,1,10/25/2022,Division 1 Mid-Major,Role Player,2.91,2.93,11.69,,58,58,,,,,,,,,55,62,68,,,,,,,,,,2.92,11.69,58,61.66666667,4
4147,12311,1603,1,10/25/2022,Division 1 Mid-Major,Role Player,3.03,3.01,12.49,,51,51,,,,,1.95,1.95,1.8,,46,47,52,,,,,,,,,,3.02,12.49,51,48.33333333,5
4148,12312,1603,1,10/25/2022,Division 1 Mid-Major,Role Player,3.01,3.03,11.86,,54,56,,,,,,,,,64,64,64,,,,,,,,,,3.02,11.86,55,64,4
4150,12315,1603,1,10/25/2022,Division 1 Mid-Major,Starter,2.92,2.8,11.09,,57,58,,,,,,,,,65,72,72,,,,,,,,,,2.86,11.09,57.5,69.66666667,4
4152,12317,1603,1,10/25/2022,Division 1 Mid-Major,Role Player,3.01,3.03,11.97,,57,57,,,,,,,,,75,48,75,,,,,,,,,,3.02,11.97,57,66,4
4154,12319,1603,1,10/25/2022,Division 1 Mid-Major,Role Player,3.03,3.07,11.8,,57,57,,,,,,,,,65,63,64,,,,,,,,,,3.05,11.8,57,64,4
4155,12320,1603,1,10/25/2022,Division 1 Mid-Major,Role Player,2.98,2.9,11.91,,65,63,,,,,,,,,66,71,53,,,,,,,,,,2.94,11.91,64,63.33333333,4
4156,12321,1603,1,10/25/2022,Division 1 Mid-Major,Starter,3.11,3.1,12.04,,58,62,,,,,,,,,73,65,65,,,,,,,,,,3.105,12.04,60,67.66666667,4
4157,12322,1603,1,10/25/2022,Division 1 Mid-Major,Starter,2.93,2.96,12.01,,50,52,,,,,,,,,47,69,61,,,,,,,,,,2.945,12.01,51,59,4
4160,12325,1603,1,10/25/2022,Division 1 Mid-Major,Role Player,2.8,2.79,11.5,,62,61,,,,,,,,,62,60,61,,,,,,,,,,2.795,11.5,61.5,61,4
4161,12326,1603,1,10/25/2022,Division 1 Mid-Major,Starter,2.99,3,11.67,,69,64,,,,,,,,,63,61,64,,,,,,,,,,2.995,11.67,66.5,62.66666667,4
4162,12328,1603,1,10/25/2022,Division 1 Mid-Major,Role Player,3.15,3.13,11.8,,64,65,,,,,,,,,56,56,58,,,,,,,,,,3.14,11.8,64.5,56.66666667,4
4163,12329,1603,1,10/25/2022,Division 1 Mid-Major,Role Player,2.93,2.9,11.88,,57,56,,,,,,,,,63,56,57,,,,,,,,,,2.915,11.88,56.5,58.66666667,4
4164,12330,1603,1,10/25/2022,Division 1 Mid-Major,Role Player,2.98,3.02,11.96,,63,63,,,,,1.79,1.78,1.81,,75,67,73,,,,,,,,,,3,11.96,63,71.66666667,5
4165,12331,1603,1,10/25/2022,Division 1 Mid-Major,Starter,2.93,2.93,11.98,,58,58,,,,,1.75,1.8,1.65,,56,66,67,,,,,,,,,,2.93,11.98,58,63,5
4166,12332,1603,1,10/25/2022,Division 1 Mid-Major,Role Player,2.78,2.82,10.87,,64,62,,,,,,,,,69,59,60,,,,,,,,,,2.8,10.87,63,62.66666667,4
4409,13113,1616,1,11/3/2022,Division 1 Mid Major,Starter,3,,11.8,,59,58,,,,,,,,,67,63,,,,,,,,,,,3,11.8,58.5,65,4
4410,13114,1616,1,11/3/2022,Division 1 Mid Major,Starter,2.8,,11.1,,65,65,,,,,,,,,64,62,,,,,,,,,,,2.8,11.1,65,63,4
4412,13116,1616,1,11/3/2022,Division 1 Mid Major,Impact Player,2.9,,11.7,,66,63,,,,,,,,,66,64,,,,,,,,,,,2.9,11.7,64.5,65,4
4413,13117,1616,1,11/3/2022,Division 1 Mid Major,Impact Player,3,,12.1,,69,68,,,,,,,,,70,69,,,,,,,,,,,3,12.1,68.5,69.5,4
4415,13120,1616,1,11/3/2022,Division 1 Mid Major,Role Player,2.8,,11.6,,62,61,,,,,,,,,65,64,,,,,,,,,,,2.8,11.6,61.5,64.5,4
4416,13121,1616,1,11/3/2022,Division 1 Mid Major,Role Player,3.1,,13,,64,63,,,,,1.8,,,,70,70,,,,,,,,,,,3.1,13,63.5,70,5
4417,13122,1616,1,11/3/2022,Division 1 Mid Major,Starter,2.8,,11,,70,69,,,,,,,,,66,61,,,,,,,,,,,2.8,11,69.5,63.5,4
4419,13124,1616,1,11/3/2022,Division 1 Mid Major,Starter,2.7,,11.7,,62,62,,,,,1.63,,,,66,65,,,,,,,,,,,2.7,11.7,62,65.5,5
4420,13125,1616,1,11/3/2022,Division 1 Mid Major,Impact Player,2.8,,11.6,,64,62,,,,,,,,,72,66,,,,,,,,,,,2.8,11.6,63,69,4
4422,13130,1616,1,11/3/2022,Division 1 Mid Major,Starter,2.9,,12.1,,61,59,,,,,,,,,62,59,,,,,,,,,,,2.9,12.1,60,60.5,4
4498,11297,1621,1,9/27/2022,DIvision 1 Mid-Major,Starter,3.01,,11.93,,61,65,65,65,,,,,,,60.61,,,,,,,,,,,,3.01,11.93,64,60.61,4
4499,3288,1621,1,9/27/2022,DIvision 1 Mid-Major,Starter,3.55,,14.28,,58,53,61,,,,1.72,1.72,1.66,,69.7,,,53,47,73,57.6,17.1,68,2.09,0.16,18.5,3.55,14.28,57.33333333,69.7,5
4501,11299,1621,1,9/27/2022,DIvision 1 Mid-Major,Starter,3.33,,12.67,,53,55,,,,,,,,,65.66,,,,,,,,,,,,3.33,12.67,54,65.66,4
4502,11300,1621,1,9/27/2022,DIvision 1 Mid-Major,Impact Player,3,,12.06,,61,60,,,,,,,,,69.74,,,,,,,,,,,,3,12.06,60.5,69.74,4
4503,3296,1621,1,9/27/2022,DIvision 1 Mid-Major,Role Player,3.31,,12.84,,58,59,59,56,,,,,,,71.7,,,52,46,47,59.6,8.2,67,2.01,0.17,17.2,3.31,12.84,58,71.7,4
4505,11301,1621,1,9/27/2022,DIvision 1 Mid-Major,Impact Player,3.13,,11.83,,61,64,,,,,,,,,67.65,,,,,,,,,,,,3.13,11.83,62.5,67.65,4
4506,3281,1621,1,9/27/2022,DIvision 1 Mid-Major,Role Player,3.09,,11.84,,56,52,,,,,,,,,63.62,,,54,56,75,55.3,17.8,69,1.95,0.15,19.5,3.09,11.84,54,63.62,4
4507,11302,1621,1,9/27/2022,DIvision 1 Mid-Major,Role Player,3.31,,13.27,,56,57,58,,,,1.68,1.68,1.59,,67.69,,,,,,,,,,,,3.31,13.27,57,67.69,5
4508,11303,1621,1,9/27/2022,DIvision 1 Mid-Major,Role Player,3.08,,12.2,,62,61,,,,,1.75,1.75,1.66,,68.66,,,,,,,,,,,,3.08,12.2,61.5,68.66,5
4510,11306,1621,1,9/27/2022,DIvision 1 Mid-Major,Role Player,3.03,,11.49,,59,60,,,,,,,,,74.75,,,,,,,,,,,,3.03,11.49,59.5,74.75,4
4511,11307,1621,1,9/27/2022,DIvision 1 Mid-Major,Role Player,2.95,,11.64,,59,53,58,59,,,,,,,65.64,,,,,,,,,,,,2.95,11.64,57.25,65.64,4
4696,13175,1636,1,11/4/2022,Power 5,Impact Player,3.1,3.1,12,,58,58,,,,,,,,,71,,,,,,,,,,,,3.1,12,58,71,4
4699,13178,1636,1,11/4/2022,Power 5,Impact Player,2.9,2.98,11.33,,62,62,,,,,,,,,74,,,,,,,,,,,,2.94,11.33,62,74,4
4700,13179,1636,1,11/4/2022,Power 5,Impact Player,2.94,3,11.63,,52,53,,,,,,,,,71,,,,,,,,,,,,2.97,11.63,52.5,71,4
4701,13180,1636,1,11/4/2022,Power 5,Impact Player,2.99,3,11.9,,59,58,,,,,,,,,69,,,,,,,,,,,,2.995,11.9,58.5,69,4
4778,11164,1645,1,9/23/2022,Power 5,Impact Player,3,3.2,11.3,,64,63,,,,,,,,,72,74,,,,,,,,,,,3.1,11.3,63.5,73,4
4779,11165,1645,1,9/23/2022,Power 5,Starter,3,2.9,11,,67,69,,,,,,,,,69,69,,,,,,,,,,,2.95,11,68,69,4
4780,11166,1645,1,9/23/2022,Power 5,Impact Player,3.2,3.2,11.7,,70,71,,,,,,,,,81,83,,,,,,,,,,,3.2,11.7,70.5,82,4
4781,11167,1645,1,9/23/2022,Power 5,Role Player,3.1,3.1,11.7,,70,73,,,,,,,,,68,68,,,,,,,,,,,3.1,11.7,71.5,68,4
4782,11168,1645,1,9/23/2022,Power 5,Starter,3.3,3.4,11.7,,64,64,,,,,,,,,75,76,,,,,,,,,,,3.35,11.7,64,75.5,4
4783,11169,1645,1,9/23/2022,Power 5,Starter,2.9,2.9,11.3,,63,67,,,,,,,,,67,68,,,,,,,,,,,2.9,11.3,65,67.5,4
4784,11170,1645,1,9/23/2022,Power 5,Starter,3.3,3,11.8,,64,63,,,,,,,,,75,73,,,,,,,,,,,3.15,11.8,63.5,74,4
4785,11171,1645,1,9/23/2022,Power 5,Role Player,3.1,3,11.5,,63,67,,,,,,,,,67,70,,,,,,,,,,,3.05,11.5,65,68.5,4
4786,11172,1645,1,9/23/2022,Power 5,Role Player,2.9,3,11.6,,65,55,,,,,,,,,68,70,,,,,,,,,,,2.95,11.6,60,69,4
4787,11173,1645,1,9/23/2022,Power 5,Starter,3.3,3.2,12,,62,62,,,,,,,,,70,72,,,,,,,,,,,3.25,12,62,71,4
4788,11174,1645,1,9/23/2022,Power 5,Starter,3.1,3.1,11.2,,60,60,,,,,,,,,72,73,,,,,,,,,,,3.1,11.2,60,72.5,4
4790,11176,1645,1,9/23/2022,Power 5,Starter,3,3,11.2,,64,64,,,,,1.8,1.7,1.85,,76,77,,,,,,,,,,,3,11.2,64,76.5,5
4791,11177,1645,1,9/23/2022,Power 5,Role Player,3,2.9,11.3,,59,59,,,,,,,,,69,62,,,,,,,,,,,2.95,11.3,59,65.5,4
4793,11179,1645,1,9/23/2022,Power 5,Starter,3.5,3.6,13.9,,60,61,,,,,1.8,1.81,1.75,,70,70,,,,,,,,,,,3.55,13.9,60.5,70,5
4797,11096,1647,1,9/23/2022,Division 1 Mid-Major,Role Player,3.05,,13.72,,65,64,,,,,1.69,1.66,,,72,71,,,,,,,,,,,3.05,13.72,64.5,71.5,5
4798,11098,1647,1,9/23/2022,Division 1 Mid-Major,Starter,3.06,,12.58,,58,57,,,,,,,,,80,79,,,,,,,,,,,3.06,12.58,57.5,79.5,4
4799,11099,1647,1,9/23/2022,Division 1 Mid-Major,Impact Player,2.75,,10.88,,68,68,,,,,,,,,68,69,,,,,,,,,,,2.75,10.88,68,68.5,4
4800,11100,1647,1,9/23/2022,Division 1 Mid-Major,Starter,3,,11.29,,73,77,,,,,,,,,69,67,,,,,,,,,,,3,11.29,75,68,4
4801,11101,1647,1,9/23/2022,Division 1 Mid-Major,Starter,2.98,,12.18,,64,62,,,,,,,,,64,65,,,,,,,,,,,2.98,12.18,63,64.5,4
4802,11102,1647,1,9/23/2022,Division 1 Mid-Major,Starter,3,,11.99,,73,72,,,,,,,,,73,71,,,,,,,,,,,3,11.99,72.5,72,4
4803,11103,1647,1,9/23/2022,Division 1 Mid-Major,Role Player,2.91,,11.71,,57,55,,,,,,,,,78,70,,,,,,,,,,,2.91,11.71,56,74,4
4804,11104,1647,1,9/23/2022,Division 1 Mid-Major,Impact Player,3.01,,11.46,,70,69,,,,,,,,,70,71,,,,,,,,,,,3.01,11.46,69.5,70.5,4
4806,11106,1647,1,9/23/2022,Division 1 Mid-Major,Impact Player,2.94,,12.01,,60,59,,,,,,,,,79,71,,,,,,,,,,,2.94,12.01,59.5,75,4
4808,11109,1647,1,9/23/2022,Division 1 Mid-Major,Impact Player,3,,11.59,,57,57,,,,,,,,,74,75,,,,,,,,,,,3,11.59,57,74.5,4
4810,11111,1647,1,9/23/2022,Division 1 Mid-Major,Impact Player,2.78,,11.58,,63,62,,,,,1.79,1.76,,,73,75,,,,,,,,,,,2.78,11.58,62.5,74,5
4813,11114,1647,1,9/23/2022,Division 1 Mid-Major,Starter,3.21,,12.13,,59,54,,,,,,,,,87,85,,,,,,,,,,,3.21,12.13,56.5,86,4
4814,11116,1647,1,9/23/2022,Division 1 Mid-Major,Starter,3.16,,12.81,,62,61,,,,,1.68,1.56,,,68,66,,,,,,,,,,,3.16,12.81,61.5,67,5
4815,11117,1647,1,9/23/2022,Division 1 Mid-Major,Starter,3.47,,11.53,,61,61,,,,,,,,,66,69,,,,,,,,,,,3.47,11.53,61,67.5,4
4896,13275,1661,1,11/8/2022,JUCO 1,Starter,2.85,2.84,11.66,,53,50,46,50,,,,,,,77,76,72,,,,,,,,,,2.845,11.66,49.75,75,4
4897,13276,1661,1,11/8/2022,JUCO 1,Impact Player,3.35,3.29,13.38,,52,51,50,49,,,2.03,1.85,1.81,2.09,69,65,62,,,,,,,,,,3.32,13.38,50.5,65.33333333,5
4898,13277,1661,1,11/8/2022,JUCO 1,Role Player,3.25,3.13,13.64,,49,56,59,57,,,,,,,64,63,62,,,,,,,,,,3.19,13.64,55.25,63,4
4899,13278,1661,1,11/8/2022,JUCO 1,Role Player,3.09,2.94,12.34,,57,55,56,51,,,,,,,61,63,58,,,,,,,,,,3.015,12.34,54.75,60.66666667,4
4900,6288,1661,1,11/8/2022,JUCO 1,Starter,2.92,2.86,11.33,,55,55,62,61,,,,,,,72,71,69,37,48,44,63.1,5.9,49,2.47,0.17,17.1,2.89,11.33,58.25,70.66666667,4
4902,13281,1661,1,11/8/2022,JUCO 1,Starter,3.05,2.98,11.89,,55,58,58,60,,,,,,,71,70,69,,,,,,,,,,3.015,11.89,57.75,70,4
4903,13282,1661,1,11/8/2022,JUCO 1,Impact Player,3.34,2.98,11.89,,58,64,61,60,,,1.72,1.87,1.81,2.1,69,69,67,,,,,,,,,,3.16,11.89,60.75,68.33333333,5
4906,13285,1661,1,11/8/2022,JUCO 1,Starter,3.48,3.3,13.36,,43,42,43,44,,,1.84,2,1.97,1.81,73,73,72,,,,,,,,,,3.39,13.36,43,72.66666667,5
4909,13288,1661,1,11/8/2022,JUCO 1,Starter,3.14,3.07,12.05,,55,61,55,61,,,,,,,71,68,67,,,,,,,,,,3.105,12.05,58,68.66666667,4
4910,13289,1661,1,11/8/2022,JUCO 1,Starter,3.19,3.16,12.6,,51,46,46,47,,,,,,,67,66,63,,,,,,,,,,3.175,12.6,47.5,65.33333333,4
4911,13290,1661,1,11/8/2022,JUCO 1,Role Player,3.35,3.27,12.99,,54,45,51,50,,,,,,,68,68,67,,,,,,,,,,3.31,12.99,50,67.66666667,4
4912,13291,1661,1,11/8/2022,JUCO 1,Role Player,3.16,3.08,12.07,,47,55,56,49,,,,,,,70,68,63,,,,,,,,,,3.12,12.07,51.75,67,4
4913,13292,1661,1,11/8/2022,JUCO 1,Starter,2.94,2.83,11.2,,56,54,58,61,,,,,,,68,67,67,,,,,,,,,,2.885,11.2,57.25,67.33333333,4
4914,13293,1661,1,11/8/2022,JUCO 1,Starter,2.89,2.85,11.33,,49,50,58,64,,,,,,,64,61,55,,,,,,,,,,2.87,11.33,55.25,60,4
4915,13294,1661,1,11/8/2022,JUCO 1,Role Player,3.24,3.17,12.11,,60,59,59,61,,,,,,,66,63,62,,,,,,,,,,3.205,12.11,59.75,63.66666667,4
4917,13296,1661,1,11/8/2022,JUCO 1,Role Player,3.55,3.5,13.35,,56,54,47,44,,,2.44,2.15,2.18,1.81,67,67,64,,,,,,,,,,3.525,13.35,50.25,66,5
4919,13298,1661,1,11/8/2022,JUCO 1,Role Player,3.3,3.33,13.08,,53,51,63,62,,,,,,,59,58,58,,,,,,,,,,3.315,13.08,57.25,58.33333333,4
5071,4295,1670,1,11/4/2022,Division 1 Mid-Major,Impact Player,2.92,2.93,11.04,11.43,59,61,60,63,64,65,,,,,72,78,78,27,47,45,66.9,7.7,44,2.73,0.17,20.8,2.925,11.235,62,76,4
5072,4296,1670,1,11/4/2022,Division 1 Mid-Major,Starter,2.83,2.87,11.75,,58,58,61,61,61,61,,,,,63,62,62,,,,,,,,,,2.85,11.75,60,62.33333333,4
5073,4297,1670,1,11/4/2022,Division 1 Mid-Major,Role Player,3.06,3.01,11.96,12.27,56,55,56,59,60,59,,,,,65,65,63,48,46,55,62.1,9.4,61,2.34,0.18,17.1,3.035,12.115,57.5,64.33333333,4
5074,4298,1670,1,11/4/2022,Division 1 Mid-Major,Starter,3.05,3.1,11.07,11.13,62,63,61,62,63,62,,,,,66,63,63,66,54,36,63.9,3.4,80,2.1,0.2,17.2,3.075,11.1,62.16666667,64,4
5075,4304,1670,1,11/4/2022,Division 1 Mid-Major,Impact Player,3.01,2.97,12.26,13.15,59,56,51,53,57,54,,,,,67,69,71,64,71,69,58.2,14.4,77,2.35,0.15,18.1,2.99,12.705,55,69,4
5076,4305,1670,1,11/4/2022,Division 1 Mid-Major,Starter,3.04,2.94,12.09,12.15,65,65,65,64,63,58,,,,,71,69,69,,,,,,,,,,2.99,12.12,63.33333333,69.66666667,4
5077,4307,1670,1,11/4/2022,Division 1 Mid-Major,Starter,3.11,3.1,11.42,11.27,66,66,68,68,68,68,,,,,73,73,74,57,58,63,70.5,12.3,71,3.55,0.14,17.6,3.105,11.345,67.33333333,73.33333333,4
5078,13135,1670,1,11/4/2022,Division 1 Mid-Major,Starter,3.29,3.37,12.66,12.76,64,67,64,61,67,68,,,,,74,72,72,,,,,,,,,,3.33,12.71,65.16666667,72.66666667,4
5079,13136,1670,1,11/4/2022,Division 1 Mid-Major,Starter,3.39,3.34,12.6,12.19,57,62,61,59,58,59,1.79,1.62,1.63,1.75,66,67,67,,,,,,,,,,3.365,12.395,59.33333333,66.66666667,5
5080,13137,1670,1,11/4/2022,Division 1 Mid-Major,Role Player,3.21,2.94,11.78,12.16,70,72,70,64,66,63,,,,,66,66,70,,,,,,,,,,3.075,11.97,67.5,67.33333333,4
5081,13138,1670,1,11/4/2022,Division 1 Mid-Major,Role Player,3.32,3.35,11.8,12.03,69,67,68,65,68,68,,,,,66,66,67,,,,,,,,,,3.335,11.915,67.5,66.33333333,4
5083,13141,1670,1,11/4/2022,Division 1 Mid-Major,Role Player,3,2.8,11.35,11.38,58,59,60,58,53,56,,,,,63,66,65,,,,,,,,,,2.9,11.365,57.33333333,64.66666667,4
5084,13142,1670,1,11/4/2022,Division 1 Mid-Major,Role Player,3.17,3.09,11.96,12.03,58,57,55,57,53,55,,,,,62,61,61,,,,,,,,,,3.13,11.995,55.83333333,61.33333333,4
5085,13143,1670,1,11/4/2022,Division 1 Mid-Major,Role Player,3.37,3.35,12.01,12.38,56,59,64,62,62,57,,,,,67,66,66,,,,,,,,,,3.36,12.195,60,66.33333333,4
5086,13144,1670,1,11/4/2022,Division 1 Mid-Major,Starter,3.49,3.47,13.54,13.44,58,58,60,58,61,61,,,,,67,67,65,,,,,,,,,,3.48,13.49,59.33333333,66.33333333,4
5087,777,1670,1,11/4/2022,Division 1 Mid-Major,Starter,3.03,3.07,11.68,11.51,63,64,61,59,61,63,,,,,66,65,65,45,58,65,55.6,13.3,58,2.04,0.15,17.5,3.05,11.595,61.83333333,65.33333333,4
5088,777,1670,1,11/4/2022,Division 1 Mid-Major,Starter,3.03,3.07,11.68,11.51,63,64,61,59,61,63,,,,,66,65,65,41,66,39,54.8,4.1,54,1.8,0.17,16.3,3.05,11.595,61.83333333,65.33333333,4
5160,11620,1678,1,10/17/2022,DIvision 1 Mid-Major,Role Player,3.19,,12.74,,63,61,61,,,,,,,,64,63,64,,,,,,,,,,3.19,12.74,61.66666667,63.66666667,4
5161,11621,1678,1,10/17/2022,DIvision 1 Mid-Major,Role Player,3.13,,12.08,,63,65,65,,,,,,,,68,67,66,,,,,,,,,,3.13,12.08,64.33333333,67,4
5162,11622,1678,1,10/17/2022,DIvision 1 Mid-Major,Role Player,3.17,,12.8,,55,55,56,,,,,,,,56,66,68,,,,,,,,,,3.17,12.8,55.33333333,63.33333333,4
5163,11623,1678,1,10/17/2022,DIvision 1 Mid-Major,Role Player,3.03,,11.57,,56,56,58,,,,,,,,64,65,64,,,,,,,,,,3.03,11.57,56.66666667,64.33333333,4
5165,11625,1678,1,10/17/2022,DIvision 1 Mid-Major,Role Player,2.9,,11.74,,58,58,57,,,,,,,,63,64,63,,,,,,,,,,2.9,11.74,57.66666667,63.33333333,4
5166,11626,1678,1,10/17/2022,DIvision 1 Mid-Major,Role Player,3.17,,12.97,,52,54,56,,,,,,,,65,66,67,,,,,,,,,,3.17,12.97,54,66,4
5167,11627,1678,1,10/17/2022,DIvision 1 Mid-Major,Role Player,3.13,,12.4,,60,59,64,,,,1.79,1.85,1.93,1.85,61,64,61,,,,,,,,,,3.13,12.4,61,62,5
5168,11628,1678,1,10/17/2022,DIvision 1 Mid-Major,Role Player,3.08,,11.84,,58,60,60,,,,,,,,67,65,68,,,,,,,,,,3.08,11.84,59.33333333,66.66666667,4
5169,11629,1678,1,10/17/2022,DIvision 1 Mid-Major,Role Player,2.92,,12.08,,59,58,60,,,,,,,,76,71,70,,,,,,,,,,2.92,12.08,59,72.33333333,4
5171,11631,1678,1,10/17/2022,DIvision 1 Mid-Major,Role Player,3.02,,11.82,,56,58,56,,,,,,,,61,64,57,,,,,,,,,,3.02,11.82,56.66666667,60.66666667,4
5172,11632,1678,1,10/17/2022,DIvision 1 Mid-Major,Role Player,3.04,,12.38,,59,60,61,,,,,,,,69,66,65,,,,,,,,,,3.04,12.38,60,66.66666667,4
5176,11639,1678,1,10/17/2022,DIvision 1 Mid-Major,Role Player,3.26,,12.55,,57,58,57,,,,,,,,54,59,58,,,,,,,,,,3.26,12.55,57.33333333,57,4
5183,13188,1679,1,11/7/2022,Power 5,Role Player,3.11,3.14,12.03,,59,62,62,,,,,,,,70,71,69,,,,,,,,,,3.125,12.03,61,70,4
5185,5437,1679,1,11/7/2022,Power 5,Impact Player,2.87,2.84,11.4,,65,66,,,,,,,,,77,75,74,61,55,64,65.3,12.5,75,2.78,0.16,16.9,2.855,11.4,65.5,75.33333333,4
5187,5441,1679,1,11/7/2022,Power 5,Impact Player,3.07,2.95,11.89,,57,57,59,,,,,,,,76,75,77,32,55,49,63.9,7.5,45,2.42,0.17,21,3.01,11.89,57.66666667,76,4
5191,13184,1679,1,11/7/2022,Power 5,Impact Player,2.9,2.88,11.77,,62,64,63,,,,,,,,73,69,72,,,,,,,,,,2.89,11.77,63,71.33333333,4
5314,12988,1690,1,11/1/2022,Power 5,Starter,3.04,3.02,11.54,11.54,57,59,59,60,,,,,,,70,68,72,,,,,,,,,,3.03,11.54,58.75,70,4
5315,12989,1690,1,11/1/2022,Power 5,Starter,3.32,3.28,13.02,13.02,58,55,59,59,,,,,,,75,78,77,,,,,,,,,,3.3,13.02,57.75,76.66666667,4
5316,12990,1690,1,11/1/2022,Power 5,Role Player,2.98,2.96,11.41,11.41,59,61,61,62,,,,,,,72,70,70,,,,,,,,,,2.97,11.41,60.75,70.66666667,4
5319,12993,1690,1,11/1/2022,Power 5,Starter,3.08,3.08,12.51,12.91,64,63,64,64,,,1.68,1.78,1.59,1.72,63,63,63,,,,,,,,,,3.08,12.71,63.75,63,5
5321,12995,1690,1,11/1/2022,Power 5,Starter,2.95,3,10.9,10.9,62,63,61,61,,,,,,,75,69,68,,,,,,,,,,2.975,10.9,61.75,70.66666667,4
5323,12997,1690,1,11/1/2022,Power 5,Role Player,2.81,2.86,11.04,11.04,65,65,67,66,,,,,,,70,70,65,,,,,,,,,,2.835,11.04,65.75,68.33333333,4
5326,13000,1690,1,11/1/2022,Power 5,Role Player,3.45,3.43,13.26,13.6,61,63,62,64,,,1.84,1.87,1.79,1.78,69,78,68,,,,,,,,,,3.44,13.43,62.5,71.66666667,5
5328,13002,1690,1,11/1/2022,Power 5,Starter,2.96,2.97,11.21,11.21,64,63,65,64,,,,,,,79,74,74,,,,,,,,,,2.965,11.21,64,75.66666667,4
5329,13003,1690,1,11/1/2022,Power 5,Role Player,3.19,3.14,12.57,12.57,58,58,60,59,,,,,,,80,74,72,,,,,,,,,,3.165,12.57,58.75,75.33333333,4
5330,13004,1690,1,11/1/2022,Power 5,Role Player,3.04,3.09,11.96,11.96,61,61,61,60,,,1.72,1.69,1.68,1.71,71,70,69,,,,,,,,,,3.065,11.96,60.75,70,5
5331,13005,1690,1,11/1/2022,Power 5,Role Player,3.07,3.05,12.3,12.3,55,53,54,56,,,,,,,75,75,72,,,,,,,,,,3.06,12.3,54.5,74,4
5333,13008,1690,1,11/1/2022,Power 5,Role Player,2.85,2.81,11.2,,64,65,64,65,,,,,,,79,79,75,,,,,,,,,,2.83,11.2,64.5,77.66666667,4
5334,13009,1690,1,11/1/2022,Power 5,Role Player,3.03,3.03,11.28,11.28,53,53,55,57,,,,,,,68,67,67,,,,,,,,,,3.03,11.28,54.5,67.33333333,4
5335,13010,1690,1,11/1/2022,Power 5,Role Player,3.02,3.07,11.52,11.52,61,63,63,62,,,,,,,73,73,73,,,,,,,,,,3.045,11.52,62.25,73,4
5336,13011,1690,1,11/1/2022,Power 5,Impact Player,2.92,2.88,11.4,11.4,61,62,63,63,,,,,,,74,77,72,,,,,,,,,,2.9,11.4,62.25,74.33333333,4
5338,13013,1690,1,11/1/2022,Power 5,Role Player,2.97,3.09,11.3,11.3,58,60,61,62,,,1.79,1.72,1.81,1.79,76,75,68,,,,,,,,,,3.03,11.3,60.25,73,5
5339,13014,1690,1,11/1/2022,Power 5,Role Player,3.09,3.1,11.9,11.9,62,60,61,62,,,,,,,80,80,72,,,,,,,,,,3.095,11.9,61.25,77.33333333,4
5365,13399,1695,1,11/11/2022,Division 1 Mid-Major,Impact Player,3.18,,11.93,,64,66,64,,,,,,,,69,68,68,,,,,,,,,,3.18,11.93,64.66666667,68.33333333,4
5366,13400,1695,1,11/11/2022,Division 1 Mid-Major,Impact Player,3.2,,12.38,,65,68,69,,,,,,,,72,71,71,,,,,,,,,,3.2,12.38,67.33333333,71.33333333,4
5367,13401,1695,1,11/11/2022,Division 1 Mid-Major,Starter,3.49,,13.67,,62,61,59,,,,1.53,1.62,1.56,,80,71,74,,,,,,,,,,3.49,13.67,60.66666667,75,5
5368,13402,1695,1,11/11/2022,Division 1 Mid-Major,Starter,3.14,,12,,53,57,58,,,,,,,,65,66,66,,,,,,,,,,3.14,12,56,65.66666667,4
5369,13403,1695,1,11/11/2022,Division 1 Mid-Major,Impact Player,3.16,,12.02,,60,61,63,,,,1.56,1.5,1.53,,64,69,68,,,,,,,,,,3.16,12.02,61.33333333,67,5
5370,13407,1695,1,11/11/2022,Division 1 Mid-Major,Impact Player,3.34,,12.07,,60,62,61,,,,1.66,1.72,1.75,,80,80,82,,,,,,,,,,3.34,12.07,61,80.66666667,5
5371,13408,1695,1,11/11/2022,Division 1 Mid-Major,Impact Player,3.09,,11.73,,61,63,62,,,,,,,,61,69,70,,,,,,,,,,3.09,11.73,62,66.66666667,4
5373,13411,1695,1,11/11/2022,Division 1 Mid-Major,Role Player,3.16,,12.24,,57,57,59,,,,,,,,64,65,64,,,,,,,,,,3.16,12.24,57.66666667,64.33333333,4
5374,13412,1695,1,11/11/2022,Division 1 Mid-Major,Starter,3.3,,13.06,,55,56,54,,,,,,,,67,66,66,,,,,,,,,,3.3,13.06,55,66.33333333,4
5375,13413,1695,1,11/11/2022,Division 1 Mid-Major,Starter,3.08,,11.9,,58,60,60,,,,,,,,64,65,65,,,,,,,,,,3.08,11.9,59.33333333,64.66666667,4
5376,13414,1695,1,11/11/2022,Division 1 Mid-Major,Role Player,3.38,,13.22,,58,58,59,,,,,,,,62,61,60,,,,,,,,,,3.38,13.22,58.33333333,61,4
5469,12822,1712,1,10/27/2022,Division 1 Mid-Major,Role Player,3.09,,12.23,,50,52,,,,,,,,,56,56,,,,,,,,,,,3.09,12.23,51,56,4
5470,12823,1712,1,10/27/2022,Division 1 Mid-Major,Starter,3.14,,11.91,,56,51,,,,,,,,,63,62,,,,,,,,,,,3.14,11.91,53.5,62.5,4
5471,12824,1712,1,10/27/2022,Division 1 Mid-Major,Role Player,2.91,,11.57,,58,56,,,,,,,,,68,72,,,,,,,,,,,2.91,11.57,57,70,4
5473,12826,1712,1,10/27/2022,Division 1 Mid-Major,Impact Player,3.3,,12.49,,56,57,,,,,1.81,1.78,,,70,71,,,,,,,,,,,3.3,12.49,56.5,70.5,5
5474,12827,1712,1,10/27/2022,Division 1 Mid-Major,Role Player,3.06,,12.48,,56,54,,,,,1.91,1.87,,,66,66,,,,,,,,,,,3.06,12.48,55,66,5
5475,12828,1712,1,10/27/2022,Division 1 Mid-Major,Starter,2.86,,11.34,,55,61,,,,,,,,,62,62,,,,,,,,,,,2.86,11.34,58,62,4
5476,12829,1712,1,10/27/2022,Division 1 Mid-Major,Role Player,3.67,,13.67,,57,56,,,,,2.25,2.12,1.97,,63,60,,,,,,,,,,,3.67,13.67,56.5,61.5,5
5477,12830,1712,1,10/27/2022,Division 1 Mid-Major,Starter,3.08,,12.27,,55,59,,,,,,,,,55,55,,,,,,,,,,,3.08,12.27,57,55,4
5478,12831,1712,1,10/27/2022,Division 1 Mid-Major,Starter,3.14,,12.33,,63,64,,,,,,,,,66,66,,,,,,,,,,,3.14,12.33,63.5,66,4
5479,12832,1712,1,10/27/2022,Division 1 Mid-Major,Starter,3.16,,12.35,,56,55,,,,,,,,,68,64,,,,,,,,,,,3.16,12.35,55.5,66,4
5480,12833,1712,1,10/27/2022,Division 1 Mid-Major,Role Player,3.16,,12.78,,57,58,,,,,,,,,64,63,,,,,,,,,,,3.16,12.78,57.5,63.5,4
5481,12834,1712,1,10/27/2022,Division 1 Mid-Major,Starter,2.94,,11.96,,64,63,,,,,,,,,62,62,,,,,,,,,,,2.94,11.96,63.5,62,4
5482,12835,1712,1,10/27/2022,Division 1 Mid-Major,Role Player,3.03,,12.76,,52,58,,,,,,,,,69,69,,,,,,,,,,,3.03,12.76,55,69,4
5483,12836,1712,1,10/27/2022,Division 1 Mid-Major,Impact Player,3.18,,12.01,,57,59,,,,,1.96,1.96,,,67,68,,,,,,,,,,,3.18,12.01,58,67.5,5
5485,12838,1712,1,10/27/2022,Division 1 Mid-Major,Role Player,3.14,,11.8,,54,55,,,,,,,,,69,71,,,,,,,,,,,3.14,11.8,54.5,70,4
5486,12839,1712,1,10/27/2022,Division 1 Mid-Major,Impact Player,3.03,,11.85,,59,55,,,,,,,,,71,72,,,,,,,,,,,3.03,11.85,57,71.5,4
5487,12840,1712,1,10/27/2022,Division 1 Mid-Major,Starter,3.03,,11.21,,61,61,,,,,,,,,70,70,,,,,,,,,,,3.03,11.21,61,70,4
5489,12842,1712,1,10/27/2022,Division 1 Mid-Major,Role Player,3.14,,12.27,,47,50,,,,,,,,,73,71,,,,,,,,,,,3.14,12.27,48.5,72,4
5490,12843,1712,1,10/27/2022,Division 1 Mid-Major,Role Player,3.43,,13.19,,57,56,,,,,1.97,1.87,2,,71,71,,,,,,,,,,,3.43,13.19,56.5,71,5
5895,14028,1777,1,1/7/2023,Division 1 Mid-Major,Role Player,3.26,,12.07,,59,59,,,,,,,,,65,65,65,,,,,,,,,,3.26,12.07,59,65,4
5896,14033,1777,1,1/7/2023,Division 1 Mid-Major,Role Player,3.15,,12.26,,63,64,,,,,,,,,72,71,69,,,,,,,,,,3.15,12.26,63.5,70.66666667,4
5897,14036,1777,1,1/7/2023,Division 1 Mid-Major,Impact Player,3.14,,13.61,,58,59,,,,,,,,,74,72,71,,,,,,,,,,3.14,13.61,58.5,72.33333333,4
5898,14029,1777,1,1/7/2023,Division 1 Mid-Major,Starter,3.09,,12.11,,63,63,,,,,,,,,72,71,70,,,,,,,,,,3.09,12.11,63,71,4
5902,14016,1777,1,1/7/2023,Division 1 Mid-Major,Role Player,3.29,,12.72,,61,63,,,,,,,,,78,77,75,,,,,,,,,,3.29,12.72,62,76.66666667,4
5903,14017,1777,1,1/7/2023,Division 1 Mid-Major,Role Player,3.14,,11.77,,63,63,,,,,,,,,68,67,66,,,,,,,,,,3.14,11.77,63,67,4
5904,14018,1777,1,1/7/2023,Division 1 Mid-Major,Impact Player,3.06,,11.94,,61,61,,,,,,,,,74,74,73,,,,,,,,,,3.06,11.94,61,73.66666667,4
5905,14019,1777,1,1/7/2023,Division 1 Mid-Major,Starter,2.97,,11.61,,66,66,,,,,,,,,67,66,65,,,,,,,,,,2.97,11.61,66,66,4
5906,14020,1777,1,1/7/2023,Division 1 Mid-Major,Starter,3.02,,11.45,,60,60,,,,,,,,,66,66,64,,,,,,,,,,3.02,11.45,60,65.33333333,4
5907,14021,1777,1,1/7/2023,Division 1 Mid-Major,Role Player,3.01,,11.26,,62,61,,,,,,,,,68,66,66,,,,,,,,,,3.01,11.26,61.5,66.66666667,4
5908,14022,1777,1,1/7/2023,Division 1 Mid-Major,Impact Player,2.98,,11.38,,66,67,,,,,,,,,67,67,66,,,,,,,,,,2.98,11.38,66.5,66.66666667,4
5909,14023,1777,1,1/7/2023,Division 1 Mid-Major,Starter,2.82,,10.74,,65,65,,,,,,,,,67,69,70,,,,,,,,,,2.82,10.74,65,68.66666667,4
5910,14024,1777,1,1/7/2023,Division 1 Mid-Major,Role Player,3.2,,12.75,,60,61,,,,,,,,,74,71,68,,,,,,,,,,3.2,12.75,60.5,71,4
5911,14025,1777,1,1/7/2023,Division 1 Mid-Major,Starter,2.98,,11.99,,52,59,,,,,,,,,72,71,70,,,,,,,,,,2.98,11.99,55.5,71,4
5914,14034,1777,1,1/7/2023,Division 1 Mid-Major,Role Player,3.15,,11.89,,65,65,,,,,,,,,66,64,63,,,,,,,,,,3.15,11.89,65,64.33333333,4
5916,3941,1777,1,1/7/2023,Division 1 Mid-Major,Impact Player,3.15,,14.44,,61,59,,,,,,,,,84,78,77,46,56,74,67.1,17.1,62,2.93,0.15,20,3.15,14.44,60,79.66666667,4
