,CollegePlayerType,Plane,Connection,Rotation,BatSpeed,RotationalAcceleration,OnPlaneEfficiency,Power,TimeToContact,PeakHandSpeed,H1,HH,armVelo,exitVelo
0,Starter,46.0,51.0,48.0,55.9,7.2,58.0,1.7,0.18,15.5,3.105,11.835,56.66666666666666,60.0
1,Starter,47.0,49.0,61.0,65.5,11.7,60.0,2.64,0.16,20.3,3.24,12.07,52.5,72.33333333333333
2,Starter,40.0,48.0,58.0,61.1,10.8,52.0,2.41,0.16,16.3,3.05,11.245,51.66666666666666,64.33333333333333
3,Starter,27.0,47.0,45.0,66.9,7.7,44.0,2.73,0.17,20.8,3.13,11.185,49.333333333333336,78.0
4,Role Player,48.0,46.0,55.0,62.1,9.4,61.0,2.34,0.18,17.1,3.5,11.93,51.0,64.0
5,Role Player,66.0,54.0,36.0,63.9,3.4,80.0,2.1,0.2,17.2,3.125,10.995,49.833333333333336,68.66666666666667
6,Role Player,77.0,43.0,80.0,57.9,21.2,91.0,2.32,0.15,18.0,3.24,12.05,52.16666666666666,72.66666666666667
7,Role Player,59.0,59.0,40.0,56.4,5.7,74.0,1.79,0.18,18.1,3.4850000000000003,12.76,46.5,62.333333333333336
8,Starter,40.0,52.0,45.0,63.8,6.2,52.0,2.46,0.18,18.3,3.2,12.61,47.16666666666666,67.66666666666667
9,Starter,66.0,62.0,54.0,62.2,9.3,80.0,2.41,0.17,18.8,3.665,13.87,51.66666666666666,68.66666666666667
10,Impact Player,64.0,71.0,69.0,58.2,14.4,77.0,2.35,0.15,18.1,3.17,11.835,51.333333333333336,76.33333333333333
11,Role Player,62.0,55.0,53.0,63.0,9.0,75.0,2.32,0.17,18.0,3.28,11.675,52.66666666666666,70.0
12,Role Player,57.0,58.0,63.0,70.5,12.3,71.0,3.55,0.14,17.6,3.045,11.295,55.333333333333336,66.66666666666667
13,Role Player,35.0,43.0,59.0,56.6,11.1,47.0,1.9,0.17,19.2,3.27,12.92,59.5,69.0
14,Role Player,68.0,66.0,51.0,62.7,8.1,81.0,2.37,0.16,19.2,2.91,11.74,54.833333333333336,69.66666666666667
15,Role Player,54.0,37.0,71.0,55.0,14.9,67.0,1.96,0.15,20.5,3.16,11.88,59.16666666666666,68.33333333333333
16,Impact Player,56.0,42.0,39.0,57.6,5.6,70.0,1.89,0.18,16.0,2.99,11.47,62.0,65.33333333333333
17,Impact Player,54.0,52.0,64.0,65.6,13.9,69.0,3.05,0.15,21.2,3.09,12.03,58.833333333333336,80.33333333333333
18,Starter,56.0,61.0,44.0,61.4,7.1,70.0,2.26,0.18,16.4,3.76,14.09,55.833333333333336,73.66666666666667
19,Starter,59.0,59.0,63.0,59.8,13.6,74.0,2.45,0.15,18.9,2.98,11.61,53.16666666666666,77.0
20,Role Player,50.0,52.0,55.0,61.4,11.0,65.0,2.37,0.17,17.6,3.5,13.69,62.16666666666666,74.0
21,Role Player,38.0,65.0,69.0,55.6,15.7,54.0,1.94,0.16,18.8,3.17,12.23,59.333333333333336,71.0
22,Role Player,75.0,55.0,45.0,53.1,6.4,88.0,1.48,0.19,15.3,3.5,14.11,49.333333333333336,72.33333333333333
23,Role Player,63.0,63.0,64.0,57.6,12.5,76.0,1.98,0.16,17.1,3.17,11.47,53.16666666666666,83.0
24,Role Player,64.0,59.0,61.0,55.4,11.6,77.0,1.78,0.17,16.4,3.42,13.35,53.0,65.0
25,Starter,75.0,52.0,57.0,62.9,10.4,89.0,2.46,0.16,17.7,3.35,12.74,58.833333333333336,73.0
26,Role Player,62.0,60.0,41.0,56.2,6.3,77.0,1.77,0.18,16.7,3.41,12.54,57.66666666666666,72.66666666666667
27,Impact Player,51.94492753623189,53.16811594202898,55.69565217391305,60.04231884057972,10.475652173913042,65.64927536231885,2.2110144927536233,0.16666666666666666,18.00086956521739,2.97,11.44,62.5,70.5
28,Starter,76.0,61.0,50.0,51.8,9.2,91.0,1.6,0.16,17.4,3.13,11.96,52.5,63.5
29,Role Player,54.0,56.0,75.0,55.3,17.8,69.0,1.95,0.15,19.5,3.09,11.38,52.5,64.0
30,Impact Player,53.0,56.0,64.0,62.8,13.8,68.0,2.51,0.15,20.3,3.03,11.68,55.0,70.0
31,Starter,54.0,67.0,50.0,62.9,9.2,69.0,2.07,0.18,18.5,3.13,13.3,58.5,67.0
32,Starter,51.94492753623189,53.16811594202898,55.69565217391305,60.04231884057972,10.475652173913042,65.64927536231885,2.2110144927536233,0.16666666666666666,18.00086956521739,3.23,12.64,59.5,68.0
33,Starter,49.0,61.0,64.0,57.4,13.8,64.0,2.05,0.16,17.4,3.34,12.38,54.5,63.5
34,Starter,60.0,71.0,38.0,61.3,5.3,75.0,2.16,0.17,17.6,3.07,11.99,61.0,69.0
35,Role Player,60.0,47.0,49.0,60.0,8.9,74.0,2.25,0.16,16.6,2.92,11.31,50.0,66.0
36,Starter,52.0,46.0,47.0,59.6,8.2,67.0,2.01,0.17,17.2,3.38,12.41,58.0,68.0
37,Starter,37.0,59.0,37.0,52.0,3.4,50.0,1.21,0.19,16.8,3.33,12.525,60.0,69.0
38,Role Player,39.0,54.0,37.0,60.2,3.5,51.0,1.95,0.19,15.6,3.17,12.125,58.833333333333336,70.0
39,Starter,42.0,49.0,58.0,66.2,10.8,54.0,2.54,0.17,19.3,3.025,11.85,54.5,73.66666666666667
40,Role Player,61.0,70.0,55.0,53.2,9.6,74.0,1.7,0.16,16.4,3.18,11.99,61.0,64.33333333333333
41,Starter,75.0,54.0,60.0,62.2,11.1,88.0,2.62,0.16,19.7,3.085,11.435,63.333333333333336,76.33333333333333
42,Impact Player,54.0,49.0,52.0,56.4,10.0,68.0,1.88,0.16,16.9,2.95,11.195,63.333333333333336,72.33333333333333
43,Starter,47.0,49.0,41.0,54.2,6.2,63.0,1.84,0.17,13.8,2.84,11.1,64.66666666666667,62.333333333333336
44,Starter,63.0,51.0,47.0,62.4,6.8,77.0,2.4,0.18,18.5,3.015,12.125,59.333333333333336,77.0
45,Impact Player,52.0,54.0,56.0,64.1,10.0,65.0,2.71,0.16,17.9,2.765,10.505,60.66666666666666,75.66666666666667
46,Role Player,54.0,61.0,69.0,63.3,14.4,67.0,2.23,0.17,18.9,3.39,12.875,61.0,71.66666666666667
47,Role Player,69.0,62.0,55.0,63.3,9.5,83.0,2.79,0.15,18.2,3.0700000000000003,11.435,61.5,72.66666666666667
48,Starter,51.94492753623189,53.16811594202898,55.69565217391305,60.04231884057972,10.475652173913042,65.64927536231885,2.2110144927536233,0.16666666666666666,18.00086956521739,3.095,12.63,55.66666666666666,59.0
49,Starter,59.0,72.0,48.0,47.2,7.3,72.0,1.22,0.18,14.8,3.4000000000000004,14.53,46.66666666666666,44.333333333333336
50,Role Player,76.0,22.0,35.0,44.3,2.9,90.0,0.92,0.21,10.8,3.115,12.45,45.66666666666666,50.333333333333336
51,Role Player,42.0,50.0,59.0,57.1,11.0,55.0,1.74,0.18,16.9,3.61,14.1,42.0,51.0
52,Starter,68.0,59.0,46.0,53.1,6.5,82.0,1.55,0.19,15.5,3.25,13.74,40.0,48.66666666666666
53,Role Player,54.0,59.0,39.0,45.5,5.7,69.0,1.07,0.19,15.9,3.405,13.77,41.0,48.333333333333336
54,Role Player,51.94492753623189,53.16811594202898,55.69565217391305,60.04231884057972,10.475652173913042,65.64927536231885,2.2110144927536233,0.16666666666666666,18.00086956521739,3.39,13.79,44.0,50.333333333333336
55,Role Player,68.0,57.0,59.0,54.4,11.0,82.0,1.75,0.17,17.5,3.02,12.08,56.66666666666666,58.0
56,Starter,44.0,60.0,51.0,55.0,8.4,56.0,1.63,0.19,16.8,3.355,13.6,49.333333333333336,56.333333333333336
57,Starter,50.0,58.0,76.0,54.2,18.4,63.0,2.01,0.14,20.4,3.47,13.82,43.333333333333336,59.333333333333336
58,Starter,51.94492753623189,53.16811594202898,55.69565217391305,60.04231884057972,10.475652173913042,65.64927536231885,2.2110144927536233,0.16666666666666666,18.00086956521739,3.47,13.99,41.0,60.66666666666666
59,Role Player,51.94492753623189,53.16811594202898,55.69565217391305,60.04231884057972,10.475652173913042,65.64927536231885,2.2110144927536233,0.16666666666666666,18.00086956521739,3.2350000000000003,13.8,51.333333333333336,58.0
60,Role Player,51.94492753623189,53.16811594202898,55.69565217391305,60.04231884057972,10.475652173913042,65.64927536231885,2.2110144927536233,0.16666666666666666,18.00086956521739,3.205,12.6,38.0,35.0
61,Role Player,33.0,45.0,50.0,54.3,7.9,45.0,1.64,0.18,17.3,3.335,13.64,55.0,57.333333333333336
62,Impact Player,53.0,54.0,65.0,56.3,12.9,67.0,1.77,0.18,16.9,3.17,12.96,52.0,61.333333333333336
63,Role Player,69.0,48.0,40.0,52.3,4.5,82.0,1.44,0.2,13.4,3.4000000000000004,14.46,48.66666666666666,65.66666666666667
64,Impact Player,61.0,48.0,42.0,60.3,5.1,74.0,1.98,0.19,18.7,3.25,13.89,48.333333333333336,62.66666666666666
65,Starter,51.94492753623189,53.16811594202898,55.69565217391305,60.04231884057972,10.475652173913042,65.64927536231885,2.2110144927536233,0.16666666666666666,18.00086956521739,3.34,14.31,52.0,70.66666666666667
66,Role Player,51.94492753623189,53.16811594202898,55.69565217391305,60.04231884057972,10.475652173913042,65.64927536231885,2.2110144927536233,0.16666666666666666,18.00086956521739,3.665,15.56,46.66666666666666,58.0
67,Starter,54.0,53.0,45.0,57.1,6.3,66.0,1.67,0.19,18.1,3.05,12.34,61.0,58.66666666666666
68,Starter,61.0,51.0,51.0,57.4,8.4,74.0,1.78,0.18,18.8,3.05,12.34,61.0,58.66666666666666
69,Role Player,53.0,60.0,44.0,49.8,7.1,68.0,1.29,0.19,13.8,3.39,14.91,48.66666666666666,56.333333333333336
70,Role Player,45.0,49.0,31.0,34.5,1.7,57.0,0.42,0.27,11.7,3.62,14.77,34.666666666666664,43.333333333333336
71,Role Player,53.0,63.0,61.0,57.0,11.7,65.0,1.88,0.17,16.4,3.295,13.64,41.66666666666666,59.0
72,Starter,73.0,57.0,55.0,54.7,9.7,87.0,1.63,0.18,16.8,3.18,12.83,49.0,63.333333333333336
73,Starter,63.0,53.0,63.0,59.1,13.6,78.0,2.38,0.15,18.1,3.05,12.03,62.0,70.0
74,Starter,63.0,38.0,50.0,59.0,9.3,77.0,1.96,0.17,17.2,3.06,11.59,46.0,75.0
75,Role Player,42.0,56.0,60.0,60.5,12.6,57.0,2.63,0.15,16.6,3.17,12.8,56.0,73.5
76,Role Player,61.0,55.0,53.0,54.2,10.4,75.0,1.79,0.17,14.6,3.2,12.71,55.0,70.0
77,Starter,56.0,51.0,58.0,59.3,11.9,71.0,2.11,0.16,17.2,3.04,11.77,66.0,75.5
78,Starter,62.0,58.0,72.0,59.3,16.6,76.0,2.32,0.16,18.3,3.06,12.34,55.5,77.0
79,Impact Player,51.0,51.0,49.0,57.3,9.0,66.0,2.12,0.17,16.2,3.0,11.6,68.0,68.5
80,Impact Player,73.0,50.0,50.0,62.4,8.9,87.0,2.33,0.17,17.5,2.86,11.39,55.0,71.0
81,Role Player,47.0,47.0,49.0,60.1,8.8,63.0,2.27,0.17,16.0,3.34,12.36,48.5,72.5
82,Role Player,53.0,47.0,43.0,58.0,6.8,68.0,2.08,0.17,15.8,3.08,12.01,53.5,68.5
83,Role Player,71.0,52.0,80.0,61.7,21.2,85.0,2.67,0.15,21.2,3.22,12.13,54.5,74.0
84,Role Player,71.0,46.0,60.0,63.2,12.8,85.0,2.36,0.17,18.8,3.24,12.06,63.0,80.5
85,Role Player,66.0,50.0,43.0,56.1,6.9,80.0,1.94,0.18,18.2,3.25,12.8,57.5,69.0
86,Starter,57.0,59.0,62.0,56.5,13.5,71.0,2.18,0.15,17.1,3.38,12.86,57.5,75.0
87,Impact Player,59.0,66.0,79.0,62.9,22.7,73.0,3.04,0.14,18.8,3.17,12.08,54.5,78.5
88,Role Player,53.0,53.0,54.0,62.7,10.4,67.0,2.32,0.17,18.6,2.96,11.62,55.0,77.0
89,Starter,55.0,45.0,40.0,55.8,5.9,70.0,1.69,0.17,14.8,3.24,12.72,55.0,74.0
90,Role Player,50.0,56.0,50.0,57.0,9.2,65.0,1.85,0.17,16.9,3.66,11.66,48.5,74.0
91,Starter,64.0,65.0,52.0,59.5,10.0,79.0,2.23,0.17,18.8,2.87,10.98,64.5,68.0
92,Starter,48.0,48.0,49.0,63.2,8.8,63.0,2.25,0.17,19.6,3.14,12.96,62.0,79.0
93,Starter,60.0,55.0,52.0,61.8,10.0,74.0,2.34,0.17,17.1,2.91,11.29,58.5,70.0
94,Role Player,30.0,53.0,48.0,66.3,8.5,45.0,2.52,0.16,18.3,3.01,11.96,55.0,75.5
95,Starter,62.0,56.0,48.0,57.9,7.3,75.0,2.0,0.18,18.9,2.86,11.95,52.5,68.5
96,Role Player,49.0,47.0,69.0,55.2,15.7,64.0,1.77,0.16,17.6,3.01,12.26,62.5,71.0
97,Role Player,42.0,49.0,62.0,66.3,13.2,57.0,2.79,0.17,20.7,2.79,10.97,60.0,74.0
98,Starter,38.0,51.0,58.0,62.3,10.5,51.0,2.3,0.18,17.3,3.02,12.09,54.0,67.5
99,Starter,26.0,31.0,56.0,61.7,11.2,42.0,2.47,0.16,19.0,2.96,11.34,46.5,71.5
100,Role Player,38.0,35.0,49.0,60.5,7.5,50.0,2.04,0.19,18.5,3.49,13.35,59.0,64.5
101,Starter,55.0,56.0,64.0,68.1,12.6,68.0,3.21,0.15,20.2,3.08,12.02,64.0,75.0
102,Starter,51.0,51.0,52.0,65.6,9.9,66.0,2.68,0.17,18.6,2.89,12.23,55.5,74.0
103,Impact Player,31.0,44.0,56.0,66.4,11.1,47.0,2.52,0.16,22.1,3.09,12.17,47.5,73.5
104,Starter,28.0,45.0,41.0,67.5,6.1,45.0,2.47,0.17,21.2,3.07,12.07,60.0,66.5
105,Starter,59.0,28.0,40.0,68.1,5.9,74.0,2.55,0.19,19.3,3.0,12.04,69.0,74.0
106,Role Player,29.0,57.0,47.0,56.0,8.2,45.0,1.76,0.19,18.1,3.17,12.65,53.0,65.5
107,Starter,35.0,53.0,52.0,63.3,9.8,51.0,2.49,0.17,17.8,3.03,12.12,58.0,71.0
108,Starter,43.0,43.0,53.0,64.9,9.0,55.0,2.81,0.16,20.0,2.85,11.35,63.5,71.5
109,Role Player,58.0,59.0,72.0,57.9,16.6,73.0,2.03,0.15,17.6,2.91,11.87,56.0,65.5
110,Role Player,48.0,65.0,80.0,65.0,23.4,61.0,2.95,0.13,21.2,2.86,10.97,57.0,75.5
111,Role Player,60.0,47.0,44.0,58.8,7.1,75.0,2.05,0.18,16.5,3.0,11.8,58.5,68.0
112,Role Player,38.0,36.0,51.0,56.1,9.7,54.0,1.85,0.18,17.9,3.0,11.75,55.0,65.5
113,Role Player,54.0,67.0,45.0,59.7,7.7,69.0,2.02,0.19,18.1,3.18,12.65,60.0,63.5
114,Role Player,57.0,51.0,65.0,55.5,12.8,70.0,2.12,0.16,17.3,3.1,10.9,53.5,64.5
115,Role Player,42.0,46.0,39.0,58.3,4.3,55.0,1.95,0.19,17.8,2.89,11.5,59.0,69.0
116,Starter,46.0,51.0,74.0,61.1,17.3,61.0,2.57,0.15,19.3,2.83,11.18,56.0,71.0
117,Starter,31.0,41.0,47.0,60.1,8.1,47.0,1.93,0.2,16.8,2.87,11.11,61.0,66.0
118,Starter,51.0,59.0,67.0,61.3,13.5,64.0,2.34,0.16,20.6,2.82,10.99,67.5,70.5
119,Starter,71.0,68.0,70.0,63.0,15.8,85.0,2.8,0.13,19.7,2.89,11.32,62.0,76.0
120,Starter,35.0,43.0,61.0,61.3,11.7,47.0,2.34,0.16,19.3,3.15,12.21,55.0,65.33333333333333
121,Role Player,32.0,40.0,38.0,57.6,5.1,47.0,1.8,0.18,15.5,3.39,13.3,53.4,56.66666666666666
122,Role Player,21.0,38.0,44.0,57.6,7.2,35.0,1.88,0.18,15.2,3.1,12.03,48.8,60.66666666666666
123,Starter,51.0,49.0,50.0,60.5,9.1,66.0,2.1,0.18,18.4,2.97,11.53,54.0,65.33333333333333
124,Role Player,55.0,64.0,80.0,58.8,24.5,68.0,2.03,0.14,20.9,3.16,12.79,46.4,58.333333333333336
125,Role Player,60.0,58.0,44.0,55.1,7.3,74.0,1.66,0.18,15.3,3.44,13.83,50.6,67.0
126,Starter,42.0,53.0,59.0,57.8,12.2,58.0,2.36,0.14,18.9,2.93,11.46,64.2,64.0
127,Starter,36.0,64.0,51.0,56.2,9.6,52.0,2.08,0.16,16.3,3.02,11.86,52.0,60.0
128,Impact Player,31.0,49.0,45.0,57.1,7.6,46.0,1.99,0.17,16.5,3.23,13.25,56.8,60.66666666666666
129,Starter,56.0,36.0,71.0,57.2,16.4,71.0,2.19,0.15,21.4,3.21,11.97,48.4,48.0
130,Role Player,51.94492753623189,53.16811594202898,55.69565217391305,60.04231884057972,10.475652173913042,65.64927536231885,2.2110144927536233,0.16666666666666666,18.00086956521739,2.86,11.66,60.6,65.33333333333333
131,Role Player,51.94492753623189,53.16811594202898,55.69565217391305,60.04231884057972,10.475652173913042,65.64927536231885,2.2110144927536233,0.16666666666666666,18.00086956521739,3.14,12.12,56.2,61.333333333333336
132,Role Player,39.0,49.0,43.0,58.7,7.0,54.0,2.03,0.17,16.2,2.98,12.56,55.6,59.0
133,Starter,27.0,34.0,40.0,61.7,5.8,43.0,1.95,0.19,16.5,3.1,12.62,49.2,66.33333333333333
134,Role Player,41.0,63.0,38.0,55.6,5.3,56.0,1.59,0.19,14.9,3.37,12.67,45.2,45.66666666666666
135,Starter,39.0,46.0,56.0,61.0,11.3,54.0,2.3,0.16,17.3,3.11,13.06,44.6,63.0
136,Impact Player,51.94492753623189,53.16811594202898,55.69565217391305,60.04231884057972,10.475652173913042,65.64927536231885,2.2110144927536233,0.16666666666666666,18.00086956521739,2.91,11.71,48.0,61.333333333333336
137,Impact Player,23.0,44.0,37.0,57.8,4.9,38.0,1.77,0.19,18.0,3.03,12.31,47.4,59.66666666666666
138,Role Player,48.0,64.0,56.0,61.0,11.4,64.0,2.29,0.17,16.6,2.95,11.7,52.4,66.33333333333333
139,Starter,51.94492753623189,53.16811594202898,55.69565217391305,60.04231884057972,10.475652173913042,65.64927536231885,2.2110144927536233,0.16666666666666666,18.00086956521739,3.53,15.3,47.0,59.66666666666666
140,Role Player,41.0,49.0,42.0,48.6,6.6,56.0,1.32,0.18,12.8,3.15,13.13,48.6,58.0
141,Starter,56.0,57.0,52.0,58.0,9.9,70.0,2.05,0.16,16.6,3.14,12.7,55.66666666666666,69.66666666666667
142,Starter,27.0,47.0,53.0,69.4,10.1,43.0,2.95,0.17,18.6,3.3,12.77,57.0,71.66666666666667
143,Starter,64.0,56.0,80.0,62.8,21.7,78.0,2.56,0.16,19.3,3.12,11.72,61.5,74.33333333333333
144,Impact Player,51.0,52.0,79.0,65.3,20.4,66.0,2.94,0.15,16.3,3.39,13.0,48.66666666666666,65.66666666666667
145,Impact Player,47.0,55.0,43.0,53.5,5.5,60.0,1.49,0.19,16.6,3.02,11.95,49.0,62.333333333333336
146,Starter,38.0,47.0,41.0,61.0,5.1,50.0,1.95,0.19,17.5,3.55,14.17,49.0,67.66666666666667
147,Impact Player,62.0,59.0,59.0,53.6,10.8,75.0,1.6,0.18,16.5,3.11,12.02,56.333333333333336,63.333333333333336
148,Role Player,48.0,56.0,49.0,58.5,7.7,60.0,1.97,0.17,18.2,3.02,11.68,62.66666666666666,70.66666666666667
149,Role Player,52.0,46.0,51.0,62.8,8.4,65.0,2.38,0.17,18.7,3.22,12.24,54.333333333333336,67.66666666666667
150,Role Player,34.0,47.0,47.0,58.0,8.2,50.0,2.0,0.17,16.3,3.21,12.18,57.0,62.333333333333336
151,Impact Player,65.0,47.0,49.0,54.1,8.9,79.0,1.73,0.17,16.5,3.08,11.92,51.0,69.66666666666667
152,Role Player,67.0,44.0,56.0,55.8,11.3,82.0,1.88,0.16,17.0,3.06,11.66,56.333333333333336,59.66666666666666
153,Starter,36.0,53.0,64.0,65.2,13.8,52.0,2.58,0.16,19.5,3.35,12.81,54.0,68.0
154,Starter,57.0,50.0,68.0,63.8,15.2,72.0,2.61,0.16,19.2,3.14,12.11,60.66666666666666,68.33333333333333
155,Starter,47.0,47.0,65.0,62.9,14.3,62.0,2.44,0.16,18.7,3.02,11.72,56.66666666666666,68.66666666666667
156,Impact Player,21.0,34.0,32.0,54.6,3.1,34.0,1.52,0.2,16.5,3.21,12.27,49.0,66.0
157,Impact Player,60.0,66.0,59.0,59.3,11.0,73.0,2.19,0.16,17.5,3.08,11.67,55.0,70.66666666666667
158,Starter,77.0,56.0,63.0,60.6,12.4,91.0,2.23,0.16,19.2,3.1,11.38,57.66666666666666,71.0
159,Starter,64.0,64.0,54.0,60.3,9.3,78.0,2.46,0.15,18.3,2.93,11.35,63.333333333333336,72.33333333333333
160,Starter,63.0,52.0,61.0,59.2,11.5,76.0,2.29,0.16,19.1,3.13,12.48,64.33333333333333,67.0
161,Impact Player,26.0,23.0,53.0,56.2,9.0,38.0,1.66,0.19,16.6,3.26,12.39,59.0,63.66666666666666
162,Starter,45.0,56.0,51.0,58.2,8.4,58.0,1.92,0.18,15.6,3.41,12.56,53.0,64.33333333333333
163,Starter,32.0,34.0,41.0,56.4,4.9,44.0,1.71,0.18,15.7,3.09,12.55,56.66666666666666,65.33333333333333
164,Starter,61.0,51.0,57.0,55.3,10.1,74.0,1.96,0.15,15.8,2.97,11.79,54.66666666666666,64.0
165,Impact Player,58.0,56.0,52.0,60.7,8.7,71.0,2.3,0.16,16.7,3.37,12.34,55.333333333333336,67.33333333333333
166,Impact Player,69.0,58.0,51.0,57.9,8.2,82.0,2.2,0.16,17.0,3.0,11.2,62.66666666666666,71.66666666666667
167,Starter,46.0,38.0,72.0,59.3,15.3,59.0,2.46,0.14,20.1,3.21,12.48,57.66666666666666,71.0
168,Starter,70.0,64.0,64.0,60.2,12.6,84.0,2.15,0.16,18.5,3.33,12.47,55.0,64.33333333333333
169,Impact Player,67.0,44.0,55.0,56.3,9.7,80.0,2.2,0.15,16.2,3.14,12.26,58.333333333333336,69.0
170,Starter,57.0,54.0,46.0,47.2,6.7,70.0,1.16,0.19,14.6,3.04,12.22,60.66666666666666,68.0
171,Starter,57.0,62.0,54.0,61.0,9.3,70.0,2.45,0.16,18.0,3.11,12.62,59.0,68.0
172,Starter,60.0,47.0,69.0,61.7,14.1,74.0,2.56,0.15,17.7,3.09,12.65,58.0,71.33333333333333
173,Starter,53.0,61.0,53.0,61.5,9.1,66.0,2.39,0.16,17.7,2.98,11.83,46.66666666666666,68.33333333333333
174,Impact Player,62.0,65.0,48.0,63.6,8.4,76.0,2.27,0.17,18.4,2.855,11.24,58.66666666666666,70.33333333333333
175,Impact Player,49.0,55.0,59.0,69.2,12.2,64.0,3.1,0.16,21.2,2.75,11.08,68.0,72.0
176,Impact Player,56.0,63.0,45.0,63.4,7.7,71.0,2.34,0.17,18.3,3.06,12.16,59.0,66.66666666666667
177,Starter,66.0,65.0,35.0,60.3,4.2,80.0,1.99,0.18,18.7,2.91,11.41,58.0,66.0
178,Starter,44.0,55.0,41.0,66.4,6.2,59.0,2.64,0.17,17.4,3.0,12.11,63.66666666666666,62.0
179,Impact Player,50.0,62.0,50.0,65.2,8.1,63.0,2.6,0.16,18.7,2.71,11.13,58.66666666666666,73.66666666666667
180,Role Player,45.0,56.0,60.0,59.1,11.1,58.0,2.15,0.16,18.7,3.01,12.21,57.0,65.66666666666667
181,Role Player,66.0,60.0,57.0,62.0,10.3,79.0,2.55,0.15,19.5,2.8,11.5,68.66666666666667,70.0
182,Impact Player,50.0,53.0,58.0,65.4,11.9,65.0,2.97,0.15,17.5,3.1,12.32,60.333333333333336,68.66666666666667
183,Starter,66.0,54.0,69.0,60.5,15.7,81.0,2.61,0.14,19.0,2.635,10.53,64.0,64.33333333333333
184,Role Player,69.0,40.0,43.0,57.1,6.8,83.0,1.94,0.17,17.7,2.72,11.13,66.66666666666667,59.0
185,Starter,69.0,45.0,49.0,62.6,7.6,82.0,2.31,0.17,18.6,3.065,12.68,60.333333333333336,67.66666666666667
186,Role Player,52.0,58.0,54.0,65.5,10.4,67.0,2.61,0.17,17.6,2.92,11.79,61.66666666666666,68.0
187,Starter,38.0,55.0,62.0,64.2,13.1,54.0,2.85,0.15,18.3,2.8,10.97,65.66666666666667,69.66666666666667
188,Starter,58.0,64.0,65.0,61.3,14.3,73.0,2.43,0.16,20.1,2.92,11.31,60.0,69.0
189,Role Player,67.0,59.0,45.0,60.5,6.2,81.0,2.32,0.17,19.6,3.17,12.2,59.833333333333336,72.0
190,Role Player,38.0,46.0,55.0,57.2,11.1,53.0,2.01,0.16,16.9,2.99,11.31,49.5,67.66666666666667
191,Starter,64.0,63.0,43.0,59.5,5.6,78.0,2.23,0.16,17.8,3.1100000000000003,11.915,55.5,65.0
192,Impact Player,53.0,66.0,50.0,65.5,9.4,68.0,2.83,0.15,18.1,3.01,11.485,62.16666666666666,72.33333333333333
193,Role Player,69.0,50.0,62.0,59.9,11.9,82.0,2.36,0.16,17.8,3.065,11.91,54.333333333333336,68.0
194,Impact Player,51.0,52.0,57.0,61.5,11.5,66.0,2.62,0.15,19.0,3.0,11.51,57.16666666666666,69.33333333333333
195,Role Player,40.0,48.0,43.0,59.4,6.8,55.0,2.04,0.18,17.2,3.155,12.6,56.0,68.33333333333333
196,Starter,45.0,57.0,42.0,63.1,6.7,60.0,2.39,0.17,17.0,3.25,12.2,56.66666666666666,75.0
197,Role Player,57.0,46.0,57.0,62.6,11.7,72.0,2.47,0.16,19.5,3.15,11.71,61.0,70.33333333333333
198,Impact Player,53.0,46.0,57.0,59.0,10.2,66.0,2.16,0.16,20.7,2.955,11.07,54.833333333333336,67.66666666666667
199,Role Player,53.0,58.0,55.0,59.7,9.5,66.0,2.05,0.17,18.3,2.94,11.17,54.833333333333336,69.0
200,Starter,51.94492753623189,53.16811594202898,55.69565217391305,60.04231884057972,10.475652173913042,65.64927536231885,2.2110144927536233,0.16666666666666666,18.00086956521739,3.145,11.935,58.0,74.0
201,Starter,61.0,44.0,54.0,62.1,9.4,74.0,2.67,0.15,17.2,3.31,12.85,53.0,67.0
202,Starter,51.94492753623189,53.16811594202898,55.69565217391305,60.04231884057972,10.475652173913042,65.64927536231885,2.2110144927536233,0.16666666666666666,18.00086956521739,2.92,11.7,59.66666666666666,70.0
203,Impact Player,33.0,42.0,60.0,63.6,12.5,49.0,2.75,0.14,18.8,2.82,10.94,61.66666666666666,70.33333333333333
204,Impact Player,53.0,70.0,75.0,63.0,16.4,66.0,2.58,0.15,19.8,2.92,11.42,57.333333333333336,70.0
205,Impact Player,51.94492753623189,53.16811594202898,55.69565217391305,60.04231884057972,10.475652173913042,65.64927536231885,2.2110144927536233,0.16666666666666666,18.00086956521739,2.81,11.16,59.333333333333336,68.66666666666667
206,Role Player,61.0,49.0,59.0,66.1,12.3,76.0,2.85,0.16,18.9,2.88,11.56,50.333333333333336,62.66666666666666
207,Role Player,61.0,43.0,79.0,61.8,19.3,75.0,2.49,0.15,21.4,2.88,11.53,59.333333333333336,70.0
208,Impact Player,46.0,49.0,45.0,64.1,7.5,61.0,2.4,0.17,18.6,3.02,12.42,59.333333333333336,73.0
209,Impact Player,61.0,55.0,64.0,65.3,12.5,75.0,2.78,0.16,16.9,2.87,11.24,65.0,65.66666666666667
210,Starter,51.94492753623189,53.16811594202898,55.69565217391305,60.04231884057972,10.475652173913042,65.64927536231885,2.2110144927536233,0.16666666666666666,18.00086956521739,2.73,10.82,57.66666666666666,68.66666666666667
211,Impact Player,32.0,55.0,49.0,63.9,7.5,45.0,2.42,0.17,21.0,2.85,11.28,53.66666666666666,70.0
212,Starter,50.0,55.0,49.0,65.3,7.6,62.0,2.59,0.16,19.1,3.03,12.19,56.333333333333336,64.0
213,Impact Player,51.94492753623189,53.16811594202898,55.69565217391305,60.04231884057972,10.475652173913042,65.64927536231885,2.2110144927536233,0.16666666666666666,18.00086956521739,2.83,11.01,60.0,64.66666666666667
214,Starter,35.0,63.0,53.0,61.4,10.1,51.0,2.07,0.18,18.5,2.86,11.59,58.0,68.66666666666667
215,Impact Player,46.0,49.0,66.0,64.4,13.3,59.0,2.43,0.17,18.5,3.0,12.02,57.333333333333336,63.0
216,Impact Player,49.0,52.0,41.0,66.8,4.9,62.0,2.62,0.17,17.5,2.91,11.68,63.333333333333336,63.66666666666666
217,Starter,69.0,53.0,79.0,67.6,20.6,82.0,3.24,0.14,20.3,3.05,11.44,65.33333333333333,72.0
218,Impact Player,53.0,60.0,45.0,50.9,6.3,66.0,1.47,0.17,14.1,2.8,11.39,57.333333333333336,60.0
219,Impact Player,54.0,63.0,74.0,59.4,18.1,69.0,2.32,0.15,21.7,2.82,11.15,61.66666666666666,70.33333333333333
220,Impact Player,49.0,61.0,71.0,66.1,14.9,62.0,2.77,0.16,18.1,2.96,11.75,55.66666666666666,68.66666666666667
221,Impact Player,60.0,53.0,76.0,65.7,16.8,73.0,2.94,0.15,19.7,2.75,10.96,64.66666666666667,64.33333333333333
222,Starter,71.0,65.0,75.0,62.0,16.4,84.0,2.41,0.16,22.1,3.07,11.78,56.0,69.33333333333333
223,Starter,31.0,36.0,55.0,62.2,9.8,44.0,2.34,0.16,18.2,2.8,11.23,63.333333333333336,62.66666666666666
224,Starter,42.0,55.0,56.0,58.2,10.0,55.0,1.93,0.17,16.7,3.29,13.53,61.66666666666666,68.0
225,Starter,70.0,46.0,48.0,59.5,7.2,83.0,2.2,0.16,15.3,2.82,10.84,61.66666666666666,63.0
226,Starter,33.0,49.0,43.0,62.8,7.0,49.0,2.36,0.17,18.3,2.95,12.01,60.66666666666666,66.66666666666667
227,Impact Player,40.0,58.0,77.0,64.6,17.4,52.0,2.81,0.15,20.5,3.02,11.2,62.0,72.5
228,Role Player,51.94492753623189,53.16811594202898,55.69565217391305,60.04231884057972,10.475652173913042,65.64927536231885,2.2110144927536233,0.16666666666666666,18.00086956521739,3.23,12.53,58.5,66.0
229,Starter,55.0,60.0,43.0,58.1,5.7,68.0,1.67,0.19,17.7,3.26,12.51,59.5,68.0
230,Role Player,34.0,56.0,59.0,56.6,10.9,46.0,1.8,0.18,18.8,3.11,12.51,57.0,71.0
231,Starter,35.0,39.0,65.0,56.1,13.1,48.0,1.9,0.16,18.5,3.02,11.79,60.0,68.5
232,Starter,31.0,52.0,46.0,68.2,6.6,43.0,2.56,0.17,19.6,3.32,12.66,60.0,72.5
233,Role Player,69.0,52.0,60.0,59.6,11.3,83.0,2.23,0.16,17.6,3.26,12.29,58.0,62.5
234,Role Player,49.0,63.0,64.0,50.1,12.6,61.0,1.54,0.16,16.8,3.59,13.02,52.0,61.0
235,Role Player,68.0,40.0,61.0,61.3,11.7,81.0,2.18,0.16,20.8,3.19,11.57,64.0,73.0
236,Starter,51.0,56.0,59.0,58.0,11.0,64.0,2.0,0.16,17.7,3.08,11.78,63.0,68.0
237,Starter,49.0,59.0,48.0,60.5,7.2,62.0,2.1,0.17,15.0,3.65,13.97,60.0,67.0
238,Impact Player,44.0,54.0,52.0,61.3,8.6,57.0,2.2,0.17,17.6,2.95,10.91,63.5,68.5
239,Role Player,37.0,52.0,52.0,61.0,8.5,50.0,2.0,0.17,19.3,3.25,12.09,60.5,75.0
240,Impact Player,44.0,60.0,58.0,65.2,10.5,57.0,2.66,0.17,19.8,3.23,12.32,63.0,75.5
241,Role Player,68.0,45.0,64.0,56.1,12.5,81.0,1.94,0.16,16.1,3.21,12.33,58.5,63.0
242,Starter,62.0,59.0,60.0,66.9,11.3,76.0,2.59,0.16,19.9,3.09,11.91,63.5,79.0
243,Role Player,53.0,67.0,57.0,58.2,10.3,66.0,2.01,0.17,17.4,3.16,11.51,55.0,71.5
244,Impact Player,45.0,54.0,55.0,68.8,9.6,57.0,2.68,0.17,20.1,3.05,11.58,67.0,78.0
245,Impact Player,38.0,61.0,65.0,65.1,13.0,51.0,2.4,0.17,18.8,3.31,11.8,59.5,68.0
246,Role Player,46.0,54.0,51.0,66.2,8.4,58.0,2.49,0.19,19.4,3.11,12.53,61.5,64.0
247,Role Player,64.0,55.0,64.0,62.3,12.5,78.0,2.51,0.16,16.3,3.36,12.3,63.5,68.5
248,Role Player,36.0,59.0,47.0,67.4,7.0,49.0,2.76,0.18,22.5,3.29,12.48,60.0,69.0
249,Role Player,38.0,51.0,44.0,64.7,5.9,50.0,2.37,0.19,17.5,3.31,12.05,60.5,63.5
250,Role Player,37.0,28.0,50.0,54.7,7.9,49.0,1.66,0.17,17.5,3.02,11.2,68.5,64.5
251,Role Player,38.0,59.0,52.0,47.1,8.5,50.0,1.13,0.18,15.3,3.13,11.58,59.5,59.5
252,Role Player,30.0,46.0,61.0,62.1,11.6,42.0,2.21,0.16,17.4,3.18,12.05,57.5,64.5
253,Role Player,60.0,63.0,61.0,59.5,11.6,73.0,2.05,0.16,18.4,3.11,11.88,61.0,62.5
254,Role Player,52.0,58.0,75.0,64.9,16.4,65.0,2.81,0.16,21.0,3.02,12.31,56.5,65.5
255,Role Player,35.0,51.0,65.0,65.5,12.8,47.0,2.52,0.16,19.5,2.95,12.08,62.0,65.0
256,Role Player,33.0,56.0,50.0,65.1,8.0,45.0,2.57,0.18,19.4,3.06,11.92,59.0,63.5
257,Role Player,65.0,68.0,78.0,61.8,18.5,78.0,2.93,0.13,20.6,3.17,12.23,64.66666666666667,69.0
258,Starter,44.0,42.0,76.0,61.9,17.2,57.0,2.78,0.14,20.7,2.9450000000000003,11.31,63.5,69.33333333333333
259,Role Player,52.0,38.0,75.0,67.5,17.8,67.0,3.04,0.16,20.3,3.26,12.66,66.66666666666667,77.66666666666667
260,Role Player,34.0,41.0,49.0,66.3,7.7,46.0,2.86,0.16,17.8,3.34,13.03,59.833333333333336,72.66666666666667
261,Role Player,59.0,56.0,51.0,59.1,8.4,73.0,2.23,0.16,15.5,3.115,12.11,59.5,68.66666666666667
262,Starter,77.0,62.0,57.0,57.7,11.7,91.0,2.07,0.16,16.7,3.385,12.78,60.5,73.33333333333333
263,Starter,69.0,59.0,48.0,56.9,7.3,82.0,1.85,0.18,16.4,3.09,12.14,60.0,62.0
264,Role Player,64.0,58.0,58.0,59.8,10.8,77.0,2.25,0.16,18.5,3.15,12.9,55.833333333333336,69.66666666666667
265,Role Player,46.0,46.0,61.0,59.4,11.8,59.0,1.92,0.19,18.4,3.075,12.22,59.5,68.33333333333333
266,Starter,60.0,61.0,42.0,62.3,5.3,73.0,2.27,0.18,16.1,3.215,12.1,65.66666666666667,72.66666666666667
267,Role Player,38.0,49.0,69.0,57.8,14.2,50.0,1.93,0.17,17.7,3.13,12.11,55.5,65.0
268,Role Player,48.0,52.0,67.0,61.5,13.7,60.0,2.2,0.17,16.9,3.37,13.4,50.333333333333336,64.33333333333333
269,Starter,61.0,56.0,58.0,64.1,11.8,75.0,2.69,0.15,17.3,2.93,11.36,55.66666666666666,72.66666666666667
270,Role Player,42.0,56.0,71.0,59.4,14.9,55.0,2.11,0.17,20.3,3.04,12.01,58.5,68.66666666666667
271,Role Player,51.94492753623189,53.16811594202898,55.69565217391305,60.04231884057972,10.475652173913042,65.64927536231885,2.2110144927536233,0.16666666666666666,18.00086956521739,2.915,11.49,60.66666666666666,64.66666666666667
272,Role Player,54.0,47.0,53.0,59.8,10.4,69.0,2.15,0.17,15.7,2.88,12.46,58.333333333333336,68.66666666666667
273,Starter,62.0,46.0,66.0,64.0,14.5,77.0,2.77,0.15,20.4,2.88,12.03,59.333333333333336,70.0
274,Role Player,67.0,62.0,44.0,61.6,7.1,82.0,2.15,0.17,17.6,2.85,11.55,60.333333333333336,71.0
275,Impact Player,61.0,56.0,60.0,61.0,12.4,75.0,2.56,0.15,16.6,3.09,12.25,61.66666666666666,73.0
276,Role Player,62.0,57.0,77.0,60.2,17.6,75.0,2.35,0.15,20.2,3.16,12.35,59.0,68.66666666666667
277,Starter,40.0,46.0,64.0,62.0,12.7,53.0,2.38,0.17,17.5,3.29,12.57,60.333333333333336,69.33333333333333
278,Impact Player,72.0,33.0,75.0,63.2,18.2,86.0,2.85,0.14,21.4,3.23,11.65,64.33333333333333,77.0
279,Role Player,32.0,27.0,49.0,59.1,8.8,47.0,1.98,0.18,17.2,3.26,12.55,59.333333333333336,66.0
280,Role Player,52.0,60.0,50.0,59.8,8.1,65.0,2.2,0.16,19.5,3.4,12.93,61.0,70.33333333333333
281,Starter,35.0,52.0,57.0,70.0,10.4,47.0,3.12,0.16,18.7,3.35,12.68,59.333333333333336,73.33333333333333
282,Starter,45.0,41.0,55.0,65.5,9.7,58.0,2.51,0.18,17.2,3.19,12.49,55.66666666666666,73.66666666666667
283,Role Player,67.0,56.0,62.0,62.2,13.3,81.0,2.52,0.15,19.8,3.17,12.16,56.0,73.66666666666667
284,Role Player,55.0,61.0,48.0,54.5,9.2,71.0,1.78,0.16,15.8,3.06,11.94,59.66666666666666,60.66666666666666
285,Starter,49.0,43.0,60.0,60.1,11.4,62.0,2.15,0.16,18.6,3.19,11.62,54.333333333333336,68.33333333333333
286,Starter,55.0,43.0,48.0,62.2,9.4,70.0,2.4,0.16,17.7,3.11,11.81,56.66666666666666,72.0
287,Impact Player,55.0,59.0,75.0,63.2,16.2,68.0,2.87,0.14,20.0,3.35,12.76,58.0,79.66666666666667
288,Impact Player,66.0,41.0,52.0,62.9,8.6,79.0,2.3,0.18,18.4,2.91,11.39,58.0,70.33333333333333
289,Role Player,46.0,51.0,56.0,56.0,10.0,59.0,1.76,0.17,17.1,3.08,11.87,54.66666666666666,69.0
290,Starter,50.0,47.0,66.0,63.6,13.2,63.0,2.75,0.15,18.8,3.13,11.77,63.333333333333336,74.66666666666667
291,Starter,54.0,51.0,48.0,61.9,7.1,67.0,2.12,0.18,16.2,3.21,12.04,60.66666666666666,69.33333333333333
292,Starter,46.0,58.0,71.0,58.6,15.0,59.0,2.19,0.16,19.6,3.29,12.59,48.0,65.0
293,Starter,64.0,73.0,79.0,58.1,19.4,77.0,2.1,0.16,21.6,3.21,12.0,56.333333333333336,65.0
294,Role Player,74.0,43.0,40.0,55.0,5.7,88.0,1.58,0.19,15.0,3.17,12.22,59.333333333333336,62.66666666666666
295,Impact Player,65.0,46.0,55.0,58.4,9.6,78.0,2.0,0.17,17.8,3.22,12.18,59.333333333333336,72.33333333333333
296,Starter,58.0,61.0,69.0,64.4,14.2,72.0,2.7,0.16,21.1,3.03,11.85,59.66666666666666,64.0
297,Starter,60.0,64.0,51.0,59.9,8.1,73.0,2.22,0.16,17.6,3.6,13.61,56.66666666666666,70.66666666666667
298,Starter,48.0,34.0,48.0,56.7,7.3,61.0,1.91,0.16,19.0,2.89,11.25,59.333333333333336,60.0
299,Role Player,52.0,59.0,68.0,67.6,14.0,65.0,3.18,0.14,21.7,2.95,12.08,63.66666666666666,74.66666666666667
300,Starter,48.0,60.0,56.0,53.7,9.8,61.0,1.71,0.17,17.9,3.17,12.39,58.66666666666666,58.0
301,Role Player,53.0,66.0,54.0,62.1,9.3,66.0,2.4,0.16,17.3,3.25,12.98,58.0,55.0
302,Impact Player,29.0,31.0,42.0,52.4,5.3,41.0,1.49,0.18,15.9,2.84,11.36,59.66666666666666,67.66666666666667
303,Starter,46.0,41.0,47.0,57.2,6.9,58.0,1.9,0.18,17.5,3.01,11.65,62.66666666666666,68.0
304,Role Player,78.0,60.0,53.0,51.1,9.0,92.0,1.55,0.16,16.1,2.96,11.44,60.333333333333336,66.33333333333333
305,Starter,69.0,66.0,75.0,55.0,16.7,82.0,1.97,0.15,20.2,2.92,12.26,58.333333333333336,67.0
306,Impact Player,39.0,55.0,50.0,60.6,7.9,52.0,2.18,0.17,17.4,3.15,12.25,64.0,58.66666666666666
307,Role Player,55.0,63.0,40.0,56.5,4.4,68.0,1.64,0.2,17.1,3.1,12.52,58.66666666666666,61.0
308,Starter,48.0,59.0,69.0,55.4,14.2,60.0,1.95,0.15,18.9,2.91,12.17,51.0,60.66666666666666
309,Starter,45.0,54.0,46.0,64.2,6.7,57.0,2.55,0.17,17.9,3.04,12.98,56.5,77.0
310,Starter,44.0,59.0,46.0,59.0,6.6,56.0,1.92,0.18,17.8,3.135,12.17,60.5,74.5
311,Starter,46.0,45.0,41.0,58.4,4.9,59.0,1.94,0.16,18.1,3.15,12.41,64.0,78.5
312,Role Player,40.0,57.0,72.0,64.7,15.3,53.0,2.34,0.16,19.0,3.005,12.35,56.0,67.5
313,Role Player,38.0,44.0,41.0,58.5,5.1,50.0,1.81,0.19,17.4,3.075,12.41,47.5,68.5
314,Role Player,73.0,69.0,63.0,59.1,12.1,86.0,2.14,0.15,18.3,2.865,11.24,57.0,72.5
315,Impact Player,35.0,47.0,36.0,64.0,3.4,48.0,2.29,0.18,17.0,3.06,12.3,59.0,74.0
316,Impact Player,38.0,54.0,41.0,54.7,5.0,51.0,1.6,0.18,15.8,2.9850000000000003,11.8,56.0,65.0
317,Role Player,58.0,58.0,37.0,53.3,3.5,71.0,1.38,0.21,16.0,2.795,11.14,53.5,64.0
318,Role Player,48.0,62.0,50.0,58.8,7.9,60.0,1.87,0.19,18.1,3.27,12.87,51.0,65.5
319,Starter,27.0,44.0,43.0,67.3,5.7,39.0,2.53,0.18,19.1,3.34,13.4,60.5,76.0
320,Starter,33.0,57.0,55.0,61.5,9.6,45.0,2.08,0.17,18.2,3.18,12.66,54.0,76.5
321,Impact Player,70.0,56.0,56.0,57.2,10.1,84.0,1.73,0.17,20.6,2.99,12.04,60.0,71.0
322,Starter,68.0,56.0,62.0,60.3,11.8,81.0,2.31,0.15,17.5,2.735,10.76,65.0,64.5
323,Starter,63.0,72.0,69.0,63.5,14.2,77.0,2.37,0.16,20.4,2.85,11.17,63.0,76.0
324,Starter,56.0,41.0,57.0,58.4,10.2,69.0,1.86,0.16,17.5,3.08,12.17,56.0,72.5
325,Role Player,56.0,61.0,51.0,57.7,8.4,69.0,1.94,0.17,17.7,3.265,13.4,56.5,68.5
326,Impact Player,29.0,36.0,60.0,62.6,11.2,42.0,2.47,0.16,19.1,3.105,12.45,66.0,63.0
327,Starter,66.0,60.0,50.0,55.7,7.8,80.0,1.93,0.16,16.6,2.965,11.55,62.0,62.333333333333336
328,Role Player,46.0,65.0,51.0,56.3,8.3,58.0,1.95,0.16,16.0,3.075,12.45,52.333333333333336,61.333333333333336
329,Role Player,66.0,52.0,80.0,59.1,21.5,79.0,2.62,0.13,19.4,2.99,12.3,57.66666666666666,67.33333333333333
330,Role Player,51.94492753623189,53.16811594202898,55.69565217391305,60.04231884057972,10.475652173913042,65.64927536231885,2.2110144927536233,0.16666666666666666,18.00086956521739,2.96,11.51,53.66666666666666,55.0
331,Starter,70.0,68.0,56.0,56.3,10.0,83.0,1.96,0.16,15.8,2.8,10.94,70.33333333333333,64.66666666666667
332,Role Player,51.94492753623189,53.16811594202898,55.69565217391305,60.04231884057972,10.475652173913042,65.64927536231885,2.2110144927536233,0.16666666666666666,18.00086956521739,3.04,11.61,55.0,66.0
333,Role Player,56.0,51.0,59.0,61.9,11.0,69.0,2.24,0.17,18.0,3.325,13.66,59.66666666666666,67.0
334,Starter,65.0,58.0,56.0,55.6,9.8,78.0,1.83,0.17,16.9,3.01,11.7,55.66666666666666,62.66666666666666
335,Role Player,50.0,55.0,53.0,67.0,8.9,63.0,2.65,0.17,17.9,3.025,11.97,57.0,73.0
336,Impact Player,65.0,65.0,69.0,60.5,14.5,78.0,2.28,0.16,19.5,2.8,11.03,63.333333333333336,75.0
337,Starter,38.0,45.0,42.0,50.7,5.2,50.0,1.38,0.18,15.4,3.0,12.23,56.66666666666666,54.66666666666666
338,Starter,61.0,49.0,54.0,63.1,9.2,74.0,2.33,0.17,18.3,3.27,13.04,57.66666666666666,67.66666666666667
339,Impact Player,50.0,67.0,65.0,64.4,12.9,62.0,2.74,0.15,19.5,2.885,11.45,51.0,62.66666666666666
340,Role Player,53.0,53.0,78.0,59.0,18.4,66.0,2.16,0.16,17.3,3.27,13.12,52.66666666666666,65.33333333333333
341,Role Player,57.0,75.0,76.0,60.9,16.9,70.0,2.31,0.16,19.5,3.385,13.21,52.333333333333336,68.33333333333333
342,Role Player,51.94492753623189,53.16811594202898,55.69565217391305,60.04231884057972,10.475652173913042,65.64927536231885,2.2110144927536233,0.16666666666666666,18.00086956521739,3.21,12.08,57.333333333333336,69.5
343,Starter,51.94492753623189,53.16811594202898,55.69565217391305,60.04231884057972,10.475652173913042,65.64927536231885,2.2110144927536233,0.16666666666666666,18.00086956521739,3.11,11.68,58.66666666666666,66.5
344,Starter,51.94492753623189,53.16811594202898,55.69565217391305,60.04231884057972,10.475652173913042,65.64927536231885,2.2110144927536233,0.16666666666666666,18.00086956521739,3.13,11.98,51.66666666666666,62.5
345,Role Player,51.94492753623189,53.16811594202898,55.69565217391305,60.04231884057972,10.475652173913042,65.64927536231885,2.2110144927536233,0.16666666666666666,18.00086956521739,3.16,11.89,50.0,67.0
346,Role Player,51.94492753623189,53.16811594202898,55.69565217391305,60.04231884057972,10.475652173913042,65.64927536231885,2.2110144927536233,0.16666666666666666,18.00086956521739,3.13,12.62,53.0,62.0
347,Impact Player,51.94492753623189,53.16811594202898,55.69565217391305,60.04231884057972,10.475652173913042,65.64927536231885,2.2110144927536233,0.16666666666666666,18.00086956521739,3.04,11.73,55.66666666666666,69.0
348,Role Player,51.94492753623189,53.16811594202898,55.69565217391305,60.04231884057972,10.475652173913042,65.64927536231885,2.2110144927536233,0.16666666666666666,18.00086956521739,3.16,12.17,55.333333333333336,64.5
349,Starter,51.94492753623189,53.16811594202898,55.69565217391305,60.04231884057972,10.475652173913042,65.64927536231885,2.2110144927536233,0.16666666666666666,18.00086956521739,3.08,11.76,61.0,70.5
350,Role Player,51.94492753623189,53.16811594202898,55.69565217391305,60.04231884057972,10.475652173913042,65.64927536231885,2.2110144927536233,0.16666666666666666,18.00086956521739,3.52,13.19,49.66666666666666,64.5
351,Role Player,51.94492753623189,53.16811594202898,55.69565217391305,60.04231884057972,10.475652173913042,65.64927536231885,2.2110144927536233,0.16666666666666666,18.00086956521739,3.29,13.16,43.66666666666666,61.0
352,Starter,51.94492753623189,53.16811594202898,55.69565217391305,60.04231884057972,10.475652173913042,65.64927536231885,2.2110144927536233,0.16666666666666666,18.00086956521739,3.09,12.18,50.66666666666666,72.5
353,Role Player,51.94492753623189,53.16811594202898,55.69565217391305,60.04231884057972,10.475652173913042,65.64927536231885,2.2110144927536233,0.16666666666666666,18.00086956521739,3.38,13.48,62.333333333333336,62.0
354,Starter,51.94492753623189,53.16811594202898,55.69565217391305,60.04231884057972,10.475652173913042,65.64927536231885,2.2110144927536233,0.16666666666666666,18.00086956521739,3.13,11.99,62.0,64.33333333333333
355,Starter,51.94492753623189,53.16811594202898,55.69565217391305,60.04231884057972,10.475652173913042,65.64927536231885,2.2110144927536233,0.16666666666666666,18.00086956521739,2.815,10.9,59.5,76.33333333333333
356,Impact Player,51.94492753623189,53.16811594202898,55.69565217391305,60.04231884057972,10.475652173913042,65.64927536231885,2.2110144927536233,0.16666666666666666,18.00086956521739,2.89,11.41,57.5,70.66666666666667
357,Role Player,51.94492753623189,53.16811594202898,55.69565217391305,60.04231884057972,10.475652173913042,65.64927536231885,2.2110144927536233,0.16666666666666666,18.00086956521739,3.28,12.49,55.16666666666666,62.66666666666666
358,Role Player,51.94492753623189,53.16811594202898,55.69565217391305,60.04231884057972,10.475652173913042,65.64927536231885,2.2110144927536233,0.16666666666666666,18.00086956521739,3.485,13.5,59.833333333333336,62.0
359,Impact Player,51.94492753623189,53.16811594202898,55.69565217391305,60.04231884057972,10.475652173913042,65.64927536231885,2.2110144927536233,0.16666666666666666,18.00086956521739,3.2350000000000003,12.38,59.333333333333336,66.66666666666667
360,Role Player,51.94492753623189,53.16811594202898,55.69565217391305,60.04231884057972,10.475652173913042,65.64927536231885,2.2110144927536233,0.16666666666666666,18.00086956521739,3.45,13.62,58.833333333333336,60.66666666666666
361,Impact Player,51.94492753623189,53.16811594202898,55.69565217391305,60.04231884057972,10.475652173913042,65.64927536231885,2.2110144927536233,0.16666666666666666,18.00086956521739,2.99,11.27,56.5,62.333333333333336
362,Starter,51.94492753623189,53.16811594202898,55.69565217391305,60.04231884057972,10.475652173913042,65.64927536231885,2.2110144927536233,0.16666666666666666,18.00086956521739,3.025,11.89,52.333333333333336,68.33333333333333
363,Starter,51.94492753623189,53.16811594202898,55.69565217391305,60.04231884057972,10.475652173913042,65.64927536231885,2.2110144927536233,0.16666666666666666,18.00086956521739,3.125,12.07,63.66666666666666,67.66666666666667
364,Starter,51.94492753623189,53.16811594202898,55.69565217391305,60.04231884057972,10.475652173913042,65.64927536231885,2.2110144927536233,0.16666666666666666,18.00086956521739,3.08,12.21,59.5,70.66666666666667
365,Starter,51.94492753623189,53.16811594202898,55.69565217391305,60.04231884057972,10.475652173913042,65.64927536231885,2.2110144927536233,0.16666666666666666,18.00086956521739,3.055,11.77,61.0,68.0
366,Impact Player,51.94492753623189,53.16811594202898,55.69565217391305,60.04231884057972,10.475652173913042,65.64927536231885,2.2110144927536233,0.16666666666666666,18.00086956521739,3.345,13.33,59.0,66.66666666666667
367,Role Player,51.94492753623189,53.16811594202898,55.69565217391305,60.04231884057972,10.475652173913042,65.64927536231885,2.2110144927536233,0.16666666666666666,18.00086956521739,3.455,13.53,55.16666666666666,65.33333333333333
368,Impact Player,51.94492753623189,53.16811594202898,55.69565217391305,60.04231884057972,10.475652173913042,65.64927536231885,2.2110144927536233,0.16666666666666666,18.00086956521739,3.325,13.1,58.333333333333336,69.33333333333333
369,Starter,51.94492753623189,53.16811594202898,55.69565217391305,60.04231884057972,10.475652173913042,65.64927536231885,2.2110144927536233,0.16666666666666666,18.00086956521739,3.18,12.77,59.5,69.0
370,Role Player,51.94492753623189,53.16811594202898,55.69565217391305,60.04231884057972,10.475652173913042,65.64927536231885,2.2110144927536233,0.16666666666666666,18.00086956521739,2.83,11.55,67.33333333333333,62.333333333333336
371,Starter,51.94492753623189,53.16811594202898,55.69565217391305,60.04231884057972,10.475652173913042,65.64927536231885,2.2110144927536233,0.16666666666666666,18.00086956521739,3.2,13.59,53.333333333333336,60.333333333333336
372,Role Player,51.94492753623189,53.16811594202898,55.69565217391305,60.04231884057972,10.475652173913042,65.64927536231885,2.2110144927536233,0.16666666666666666,18.00086956521739,2.89,11.8,59.0,63.0
373,Role Player,51.94492753623189,53.16811594202898,55.69565217391305,60.04231884057972,10.475652173913042,65.64927536231885,2.2110144927536233,0.16666666666666666,18.00086956521739,2.85,11.83,54.66666666666666,59.0
374,Role Player,51.94492753623189,53.16811594202898,55.69565217391305,60.04231884057972,10.475652173913042,65.64927536231885,2.2110144927536233,0.16666666666666666,18.00086956521739,2.85,11.97,55.0,65.66666666666667
375,Starter,51.94492753623189,53.16811594202898,55.69565217391305,60.04231884057972,10.475652173913042,65.64927536231885,2.2110144927536233,0.16666666666666666,18.00086956521739,3.05,12.1,65.33333333333333,71.0
376,Starter,51.94492753623189,53.16811594202898,55.69565217391305,60.04231884057972,10.475652173913042,65.64927536231885,2.2110144927536233,0.16666666666666666,18.00086956521739,3.0,12.99,63.0,70.33333333333333
377,Role Player,51.94492753623189,53.16811594202898,55.69565217391305,60.04231884057972,10.475652173913042,65.64927536231885,2.2110144927536233,0.16666666666666666,18.00086956521739,2.75,11.08,52.333333333333336,60.0
378,Role Player,51.94492753623189,53.16811594202898,55.69565217391305,60.04231884057972,10.475652173913042,65.64927536231885,2.2110144927536233,0.16666666666666666,18.00086956521739,2.97,12.21,59.66666666666666,68.0
379,Impact Player,51.94492753623189,53.16811594202898,55.69565217391305,60.04231884057972,10.475652173913042,65.64927536231885,2.2110144927536233,0.16666666666666666,18.00086956521739,2.84,11.32,56.0,64.0
380,Impact Player,51.94492753623189,53.16811594202898,55.69565217391305,60.04231884057972,10.475652173913042,65.64927536231885,2.2110144927536233,0.16666666666666666,18.00086956521739,2.94,11.89,62.66666666666666,65.33333333333333
381,Starter,51.94492753623189,53.16811594202898,55.69565217391305,60.04231884057972,10.475652173913042,65.64927536231885,2.2110144927536233,0.16666666666666666,18.00086956521739,3.01,12.84,61.333333333333336,70.33333333333333
382,Role Player,51.94492753623189,53.16811594202898,55.69565217391305,60.04231884057972,10.475652173913042,65.64927536231885,2.2110144927536233,0.16666666666666666,18.00086956521739,3.1,12.79,58.0,56.333333333333336
383,Impact Player,51.94492753623189,53.16811594202898,55.69565217391305,60.04231884057972,10.475652173913042,65.64927536231885,2.2110144927536233,0.16666666666666666,18.00086956521739,3.2,13.15,61.0,67.33333333333333
384,Role Player,51.94492753623189,53.16811594202898,55.69565217391305,60.04231884057972,10.475652173913042,65.64927536231885,2.2110144927536233,0.16666666666666666,18.00086956521739,2.92,11.98,59.66666666666666,59.0
385,Starter,51.94492753623189,53.16811594202898,55.69565217391305,60.04231884057972,10.475652173913042,65.64927536231885,2.2110144927536233,0.16666666666666666,18.00086956521739,2.88,11.13,65.66666666666667,66.66666666666667
386,Starter,51.94492753623189,53.16811594202898,55.69565217391305,60.04231884057972,10.475652173913042,65.64927536231885,2.2110144927536233,0.16666666666666666,18.00086956521739,3.22,13.1,56.66666666666666,67.0
387,Impact Player,51.94492753623189,53.16811594202898,55.69565217391305,60.04231884057972,10.475652173913042,65.64927536231885,2.2110144927536233,0.16666666666666666,18.00086956521739,3.14,12.73,46.66666666666666,66.0
388,Role Player,51.94492753623189,53.16811594202898,55.69565217391305,60.04231884057972,10.475652173913042,65.64927536231885,2.2110144927536233,0.16666666666666666,18.00086956521739,2.805,11.42,58.5,66.0
389,Role Player,54.0,67.0,45.0,59.7,7.7,69.0,2.02,0.19,18.1,3.21,12.775,55.5,59.333333333333336
390,Starter,51.94492753623189,53.16811594202898,55.69565217391305,60.04231884057972,10.475652173913042,65.64927536231885,2.2110144927536233,0.16666666666666666,18.00086956521739,2.78,11.335,59.75,67.66666666666667
391,Role Player,51.94492753623189,53.16811594202898,55.69565217391305,60.04231884057972,10.475652173913042,65.64927536231885,2.2110144927536233,0.16666666666666666,18.00086956521739,2.775,11.435,50.75,67.66666666666667
392,Starter,57.0,55.0,79.0,65.2,21.9,71.0,2.98,0.15,20.4,3.15,12.9,60.0,72.33333333333333
393,Starter,58.0,59.0,72.0,57.9,16.6,73.0,2.03,0.15,17.6,2.855,12.175,61.75,71.33333333333333
394,Role Player,42.0,46.0,39.0,58.3,4.3,55.0,1.95,0.19,17.8,2.84,11.365,60.0,63.66666666666666
395,Role Player,51.94492753623189,53.16811594202898,55.69565217391305,60.04231884057972,10.475652173913042,65.64927536231885,2.2110144927536233,0.16666666666666666,18.00086956521739,3.045,12.265,51.75,66.33333333333333
396,Starter,46.0,51.0,74.0,61.1,17.3,61.0,2.57,0.15,19.3,2.89,11.56,56.5,73.33333333333333
397,Role Player,51.94492753623189,53.16811594202898,55.69565217391305,60.04231884057972,10.475652173913042,65.64927536231885,2.2110144927536233,0.16666666666666666,18.00086956521739,2.8600000000000003,12.2,58.75,65.33333333333333
398,Role Player,57.0,51.0,65.0,55.5,12.8,70.0,2.12,0.16,17.3,2.885,11.57,60.5,65.0
399,Role Player,43.0,43.0,53.0,64.9,9.0,55.0,2.81,0.16,20.0,2.885,11.72,68.75,71.66666666666667
400,Starter,64.0,54.0,47.0,59.8,6.8,78.0,1.86,0.18,17.2,3.08,12.2,54.25,70.66666666666667
401,Starter,71.0,68.0,70.0,63.0,15.8,85.0,2.8,0.13,19.7,2.935,11.9,62.25,74.66666666666667
402,Role Player,51.94492753623189,53.16811594202898,55.69565217391305,60.04231884057972,10.475652173913042,65.64927536231885,2.2110144927536233,0.16666666666666666,18.00086956521739,2.975,12.055,61.75,65.33333333333333
403,Starter,51.0,59.0,67.0,61.3,13.5,64.0,2.34,0.16,20.6,2.865,11.155,66.5,67.33333333333333
404,Role Player,51.94492753623189,53.16811594202898,55.69565217391305,60.04231884057972,10.475652173913042,65.64927536231885,2.2110144927536233,0.16666666666666666,18.00086956521739,2.96,11.545,52.75,64.0
405,Role Player,38.0,36.0,51.0,56.1,9.7,54.0,1.85,0.18,17.9,3.04,12.065,51.25,65.66666666666667
406,Starter,51.94492753623189,53.16811594202898,55.69565217391305,60.04231884057972,10.475652173913042,65.64927536231885,2.2110144927536233,0.16666666666666666,18.00086956521739,3.06,11.835,59.25,65.0
407,Role Player,51.94492753623189,53.16811594202898,55.69565217391305,60.04231884057972,10.475652173913042,65.64927536231885,2.2110144927536233,0.16666666666666666,18.00086956521739,3.095,12.37,54.5,65.0
408,Starter,51.94492753623189,53.16811594202898,55.69565217391305,60.04231884057972,10.475652173913042,65.64927536231885,2.2110144927536233,0.16666666666666666,18.00086956521739,3.2,12.18,56.5,68.33333333333333
409,Role Player,51.94492753623189,53.16811594202898,55.69565217391305,60.04231884057972,10.475652173913042,65.64927536231885,2.2110144927536233,0.16666666666666666,18.00086956521739,2.92,11.69,58.0,61.66666666666666
410,Role Player,51.94492753623189,53.16811594202898,55.69565217391305,60.04231884057972,10.475652173913042,65.64927536231885,2.2110144927536233,0.16666666666666666,18.00086956521739,3.02,12.49,51.0,48.333333333333336
411,Role Player,51.94492753623189,53.16811594202898,55.69565217391305,60.04231884057972,10.475652173913042,65.64927536231885,2.2110144927536233,0.16666666666666666,18.00086956521739,3.02,11.86,55.0,64.0
412,Starter,51.94492753623189,53.16811594202898,55.69565217391305,60.04231884057972,10.475652173913042,65.64927536231885,2.2110144927536233,0.16666666666666666,18.00086956521739,2.86,11.09,57.5,69.66666666666667
413,Role Player,51.94492753623189,53.16811594202898,55.69565217391305,60.04231884057972,10.475652173913042,65.64927536231885,2.2110144927536233,0.16666666666666666,18.00086956521739,3.02,11.97,57.0,66.0
414,Role Player,51.94492753623189,53.16811594202898,55.69565217391305,60.04231884057972,10.475652173913042,65.64927536231885,2.2110144927536233,0.16666666666666666,18.00086956521739,3.05,11.8,57.0,64.0
415,Role Player,51.94492753623189,53.16811594202898,55.69565217391305,60.04231884057972,10.475652173913042,65.64927536231885,2.2110144927536233,0.16666666666666666,18.00086956521739,2.94,11.91,64.0,63.333333333333336
416,Starter,51.94492753623189,53.16811594202898,55.69565217391305,60.04231884057972,10.475652173913042,65.64927536231885,2.2110144927536233,0.16666666666666666,18.00086956521739,3.105,12.04,60.0,67.66666666666667
417,Starter,51.94492753623189,53.16811594202898,55.69565217391305,60.04231884057972,10.475652173913042,65.64927536231885,2.2110144927536233,0.16666666666666666,18.00086956521739,2.9450000000000003,12.01,51.0,59.0
418,Role Player,51.94492753623189,53.16811594202898,55.69565217391305,60.04231884057972,10.475652173913042,65.64927536231885,2.2110144927536233,0.16666666666666666,18.00086956521739,2.795,11.5,61.5,61.0
419,Starter,51.94492753623189,53.16811594202898,55.69565217391305,60.04231884057972,10.475652173913042,65.64927536231885,2.2110144927536233,0.16666666666666666,18.00086956521739,2.995,11.67,66.5,62.66666666666666
420,Role Player,51.94492753623189,53.16811594202898,55.69565217391305,60.04231884057972,10.475652173913042,65.64927536231885,2.2110144927536233,0.16666666666666666,18.00086956521739,3.14,11.8,64.5,56.66666666666666
421,Role Player,51.94492753623189,53.16811594202898,55.69565217391305,60.04231884057972,10.475652173913042,65.64927536231885,2.2110144927536233,0.16666666666666666,18.00086956521739,2.915,11.88,56.5,58.66666666666666
422,Role Player,51.94492753623189,53.16811594202898,55.69565217391305,60.04231884057972,10.475652173913042,65.64927536231885,2.2110144927536233,0.16666666666666666,18.00086956521739,3.0,11.96,63.0,71.66666666666667
423,Starter,51.94492753623189,53.16811594202898,55.69565217391305,60.04231884057972,10.475652173913042,65.64927536231885,2.2110144927536233,0.16666666666666666,18.00086956521739,2.93,11.98,58.0,63.0
424,Role Player,51.94492753623189,53.16811594202898,55.69565217391305,60.04231884057972,10.475652173913042,65.64927536231885,2.2110144927536233,0.16666666666666666,18.00086956521739,2.8,10.87,63.0,62.66666666666666
425,Starter,51.94492753623189,53.16811594202898,55.69565217391305,60.04231884057972,10.475652173913042,65.64927536231885,2.2110144927536233,0.16666666666666666,18.00086956521739,3.0,11.8,58.5,65.0
426,Starter,51.94492753623189,53.16811594202898,55.69565217391305,60.04231884057972,10.475652173913042,65.64927536231885,2.2110144927536233,0.16666666666666666,18.00086956521739,2.8,11.1,65.0,63.0
427,Impact Player,51.94492753623189,53.16811594202898,55.69565217391305,60.04231884057972,10.475652173913042,65.64927536231885,2.2110144927536233,0.16666666666666666,18.00086956521739,2.9,11.7,64.5,65.0
428,Impact Player,51.94492753623189,53.16811594202898,55.69565217391305,60.04231884057972,10.475652173913042,65.64927536231885,2.2110144927536233,0.16666666666666666,18.00086956521739,3.0,12.1,68.5,69.5
429,Role Player,51.94492753623189,53.16811594202898,55.69565217391305,60.04231884057972,10.475652173913042,65.64927536231885,2.2110144927536233,0.16666666666666666,18.00086956521739,2.8,11.6,61.5,64.5
430,Role Player,51.94492753623189,53.16811594202898,55.69565217391305,60.04231884057972,10.475652173913042,65.64927536231885,2.2110144927536233,0.16666666666666666,18.00086956521739,3.1,13.0,63.5,70.0
431,Starter,51.94492753623189,53.16811594202898,55.69565217391305,60.04231884057972,10.475652173913042,65.64927536231885,2.2110144927536233,0.16666666666666666,18.00086956521739,2.8,11.0,69.5,63.5
432,Starter,51.94492753623189,53.16811594202898,55.69565217391305,60.04231884057972,10.475652173913042,65.64927536231885,2.2110144927536233,0.16666666666666666,18.00086956521739,2.7,11.7,62.0,65.5
433,Impact Player,51.94492753623189,53.16811594202898,55.69565217391305,60.04231884057972,10.475652173913042,65.64927536231885,2.2110144927536233,0.16666666666666666,18.00086956521739,2.8,11.6,63.0,69.0
434,Starter,51.94492753623189,53.16811594202898,55.69565217391305,60.04231884057972,10.475652173913042,65.64927536231885,2.2110144927536233,0.16666666666666666,18.00086956521739,2.9,12.1,60.0,60.5
435,Starter,51.94492753623189,53.16811594202898,55.69565217391305,60.04231884057972,10.475652173913042,65.64927536231885,2.2110144927536233,0.16666666666666666,18.00086956521739,3.01,11.93,64.0,60.61
436,Starter,53.0,47.0,73.0,57.6,17.1,68.0,2.09,0.16,18.5,3.55,14.28,57.333333333333336,69.7
437,Starter,51.94492753623189,53.16811594202898,55.69565217391305,60.04231884057972,10.475652173913042,65.64927536231885,2.2110144927536233,0.16666666666666666,18.00086956521739,3.33,12.67,54.0,65.66
438,Impact Player,51.94492753623189,53.16811594202898,55.69565217391305,60.04231884057972,10.475652173913042,65.64927536231885,2.2110144927536233,0.16666666666666666,18.00086956521739,3.0,12.06,60.5,69.74
439,Role Player,52.0,46.0,47.0,59.6,8.2,67.0,2.01,0.17,17.2,3.31,12.84,58.0,71.7
440,Impact Player,51.94492753623189,53.16811594202898,55.69565217391305,60.04231884057972,10.475652173913042,65.64927536231885,2.2110144927536233,0.16666666666666666,18.00086956521739,3.13,11.83,62.5,67.65
441,Role Player,54.0,56.0,75.0,55.3,17.8,69.0,1.95,0.15,19.5,3.09,11.84,54.0,63.62
442,Role Player,51.94492753623189,53.16811594202898,55.69565217391305,60.04231884057972,10.475652173913042,65.64927536231885,2.2110144927536233,0.16666666666666666,18.00086956521739,3.31,13.27,57.0,67.69
443,Role Player,51.94492753623189,53.16811594202898,55.69565217391305,60.04231884057972,10.475652173913042,65.64927536231885,2.2110144927536233,0.16666666666666666,18.00086956521739,3.08,12.2,61.5,68.66
444,Role Player,51.94492753623189,53.16811594202898,55.69565217391305,60.04231884057972,10.475652173913042,65.64927536231885,2.2110144927536233,0.16666666666666666,18.00086956521739,3.03,11.49,59.5,74.75
445,Role Player,51.94492753623189,53.16811594202898,55.69565217391305,60.04231884057972,10.475652173913042,65.64927536231885,2.2110144927536233,0.16666666666666666,18.00086956521739,2.95,11.64,57.25,65.64
446,Impact Player,51.94492753623189,53.16811594202898,55.69565217391305,60.04231884057972,10.475652173913042,65.64927536231885,2.2110144927536233,0.16666666666666666,18.00086956521739,3.1,12.0,58.0,71.0
447,Impact Player,51.94492753623189,53.16811594202898,55.69565217391305,60.04231884057972,10.475652173913042,65.64927536231885,2.2110144927536233,0.16666666666666666,18.00086956521739,2.94,11.33,62.0,74.0
448,Impact Player,51.94492753623189,53.16811594202898,55.69565217391305,60.04231884057972,10.475652173913042,65.64927536231885,2.2110144927536233,0.16666666666666666,18.00086956521739,2.97,11.63,52.5,71.0
449,Impact Player,51.94492753623189,53.16811594202898,55.69565217391305,60.04231884057972,10.475652173913042,65.64927536231885,2.2110144927536233,0.16666666666666666,18.00086956521739,2.995,11.9,58.5,69.0
450,Impact Player,51.94492753623189,53.16811594202898,55.69565217391305,60.04231884057972,10.475652173913042,65.64927536231885,2.2110144927536233,0.16666666666666666,18.00086956521739,3.1,11.3,63.5,73.0
451,Starter,51.94492753623189,53.16811594202898,55.69565217391305,60.04231884057972,10.475652173913042,65.64927536231885,2.2110144927536233,0.16666666666666666,18.00086956521739,2.95,11.0,68.0,69.0
452,Impact Player,51.94492753623189,53.16811594202898,55.69565217391305,60.04231884057972,10.475652173913042,65.64927536231885,2.2110144927536233,0.16666666666666666,18.00086956521739,3.2,11.7,70.5,82.0
453,Role Player,51.94492753623189,53.16811594202898,55.69565217391305,60.04231884057972,10.475652173913042,65.64927536231885,2.2110144927536233,0.16666666666666666,18.00086956521739,3.1,11.7,71.5,68.0
454,Starter,51.94492753623189,53.16811594202898,55.69565217391305,60.04231884057972,10.475652173913042,65.64927536231885,2.2110144927536233,0.16666666666666666,18.00086956521739,3.35,11.7,64.0,75.5
455,Starter,51.94492753623189,53.16811594202898,55.69565217391305,60.04231884057972,10.475652173913042,65.64927536231885,2.2110144927536233,0.16666666666666666,18.00086956521739,2.9,11.3,65.0,67.5
456,Starter,51.94492753623189,53.16811594202898,55.69565217391305,60.04231884057972,10.475652173913042,65.64927536231885,2.2110144927536233,0.16666666666666666,18.00086956521739,3.15,11.8,63.5,74.0
457,Role Player,51.94492753623189,53.16811594202898,55.69565217391305,60.04231884057972,10.475652173913042,65.64927536231885,2.2110144927536233,0.16666666666666666,18.00086956521739,3.05,11.5,65.0,68.5
458,Role Player,51.94492753623189,53.16811594202898,55.69565217391305,60.04231884057972,10.475652173913042,65.64927536231885,2.2110144927536233,0.16666666666666666,18.00086956521739,2.95,11.6,60.0,69.0
459,Starter,51.94492753623189,53.16811594202898,55.69565217391305,60.04231884057972,10.475652173913042,65.64927536231885,2.2110144927536233,0.16666666666666666,18.00086956521739,3.25,12.0,62.0,71.0
460,Starter,51.94492753623189,53.16811594202898,55.69565217391305,60.04231884057972,10.475652173913042,65.64927536231885,2.2110144927536233,0.16666666666666666,18.00086956521739,3.1,11.2,60.0,72.5
461,Starter,51.94492753623189,53.16811594202898,55.69565217391305,60.04231884057972,10.475652173913042,65.64927536231885,2.2110144927536233,0.16666666666666666,18.00086956521739,3.0,11.2,64.0,76.5
462,Role Player,51.94492753623189,53.16811594202898,55.69565217391305,60.04231884057972,10.475652173913042,65.64927536231885,2.2110144927536233,0.16666666666666666,18.00086956521739,2.95,11.3,59.0,65.5
463,Starter,51.94492753623189,53.16811594202898,55.69565217391305,60.04231884057972,10.475652173913042,65.64927536231885,2.2110144927536233,0.16666666666666666,18.00086956521739,3.55,13.9,60.5,70.0
464,Role Player,51.94492753623189,53.16811594202898,55.69565217391305,60.04231884057972,10.475652173913042,65.64927536231885,2.2110144927536233,0.16666666666666666,18.00086956521739,3.05,13.72,64.5,71.5
465,Starter,51.94492753623189,53.16811594202898,55.69565217391305,60.04231884057972,10.475652173913042,65.64927536231885,2.2110144927536233,0.16666666666666666,18.00086956521739,3.06,12.58,57.5,79.5
466,Impact Player,51.94492753623189,53.16811594202898,55.69565217391305,60.04231884057972,10.475652173913042,65.64927536231885,2.2110144927536233,0.16666666666666666,18.00086956521739,2.75,10.88,68.0,68.5
467,Starter,51.94492753623189,53.16811594202898,55.69565217391305,60.04231884057972,10.475652173913042,65.64927536231885,2.2110144927536233,0.16666666666666666,18.00086956521739,3.0,11.29,75.0,68.0
468,Starter,51.94492753623189,53.16811594202898,55.69565217391305,60.04231884057972,10.475652173913042,65.64927536231885,2.2110144927536233,0.16666666666666666,18.00086956521739,2.98,12.18,63.0,64.5
469,Starter,51.94492753623189,53.16811594202898,55.69565217391305,60.04231884057972,10.475652173913042,65.64927536231885,2.2110144927536233,0.16666666666666666,18.00086956521739,3.0,11.99,72.5,72.0
470,Role Player,51.94492753623189,53.16811594202898,55.69565217391305,60.04231884057972,10.475652173913042,65.64927536231885,2.2110144927536233,0.16666666666666666,18.00086956521739,2.91,11.71,56.0,74.0
471,Impact Player,51.94492753623189,53.16811594202898,55.69565217391305,60.04231884057972,10.475652173913042,65.64927536231885,2.2110144927536233,0.16666666666666666,18.00086956521739,3.01,11.46,69.5,70.5
472,Impact Player,51.94492753623189,53.16811594202898,55.69565217391305,60.04231884057972,10.475652173913042,65.64927536231885,2.2110144927536233,0.16666666666666666,18.00086956521739,2.94,12.01,59.5,75.0
473,Impact Player,51.94492753623189,53.16811594202898,55.69565217391305,60.04231884057972,10.475652173913042,65.64927536231885,2.2110144927536233,0.16666666666666666,18.00086956521739,3.0,11.59,57.0,74.5
474,Impact Player,51.94492753623189,53.16811594202898,55.69565217391305,60.04231884057972,10.475652173913042,65.64927536231885,2.2110144927536233,0.16666666666666666,18.00086956521739,2.78,11.58,62.5,74.0
475,Starter,51.94492753623189,53.16811594202898,55.69565217391305,60.04231884057972,10.475652173913042,65.64927536231885,2.2110144927536233,0.16666666666666666,18.00086956521739,3.21,12.13,56.5,86.0
476,Starter,51.94492753623189,53.16811594202898,55.69565217391305,60.04231884057972,10.475652173913042,65.64927536231885,2.2110144927536233,0.16666666666666666,18.00086956521739,3.16,12.81,61.5,67.0
477,Starter,51.94492753623189,53.16811594202898,55.69565217391305,60.04231884057972,10.475652173913042,65.64927536231885,2.2110144927536233,0.16666666666666666,18.00086956521739,3.47,11.53,61.0,67.5
478,Starter,51.94492753623189,53.16811594202898,55.69565217391305,60.04231884057972,10.475652173913042,65.64927536231885,2.2110144927536233,0.16666666666666666,18.00086956521739,2.845,11.66,49.75,75.0
479,Impact Player,51.94492753623189,53.16811594202898,55.69565217391305,60.04231884057972,10.475652173913042,65.64927536231885,2.2110144927536233,0.16666666666666666,18.00086956521739,3.3200000000000003,13.38,50.5,65.33333333333333
480,Role Player,51.94492753623189,53.16811594202898,55.69565217391305,60.04231884057972,10.475652173913042,65.64927536231885,2.2110144927536233,0.16666666666666666,18.00086956521739,3.19,13.64,55.25,63.0
481,Role Player,51.94492753623189,53.16811594202898,55.69565217391305,60.04231884057972,10.475652173913042,65.64927536231885,2.2110144927536233,0.16666666666666666,18.00086956521739,3.015,12.34,54.75,60.66666666666666
482,Starter,37.0,48.0,44.0,63.1,5.9,49.0,2.47,0.17,17.1,2.89,11.33,58.25,70.66666666666667
483,Starter,51.94492753623189,53.16811594202898,55.69565217391305,60.04231884057972,10.475652173913042,65.64927536231885,2.2110144927536233,0.16666666666666666,18.00086956521739,3.015,11.89,57.75,70.0
484,Impact Player,51.94492753623189,53.16811594202898,55.69565217391305,60.04231884057972,10.475652173913042,65.64927536231885,2.2110144927536233,0.16666666666666666,18.00086956521739,3.16,11.89,60.75,68.33333333333333
485,Starter,51.94492753623189,53.16811594202898,55.69565217391305,60.04231884057972,10.475652173913042,65.64927536231885,2.2110144927536233,0.16666666666666666,18.00086956521739,3.39,13.36,43.0,72.66666666666667
486,Starter,51.94492753623189,53.16811594202898,55.69565217391305,60.04231884057972,10.475652173913042,65.64927536231885,2.2110144927536233,0.16666666666666666,18.00086956521739,3.105,12.05,58.0,68.66666666666667
487,Starter,51.94492753623189,53.16811594202898,55.69565217391305,60.04231884057972,10.475652173913042,65.64927536231885,2.2110144927536233,0.16666666666666666,18.00086956521739,3.175,12.6,47.5,65.33333333333333
488,Role Player,51.94492753623189,53.16811594202898,55.69565217391305,60.04231884057972,10.475652173913042,65.64927536231885,2.2110144927536233,0.16666666666666666,18.00086956521739,3.31,12.99,50.0,67.66666666666667
489,Role Player,51.94492753623189,53.16811594202898,55.69565217391305,60.04231884057972,10.475652173913042,65.64927536231885,2.2110144927536233,0.16666666666666666,18.00086956521739,3.12,12.07,51.75,67.0
490,Starter,51.94492753623189,53.16811594202898,55.69565217391305,60.04231884057972,10.475652173913042,65.64927536231885,2.2110144927536233,0.16666666666666666,18.00086956521739,2.885,11.2,57.25,67.33333333333333
491,Starter,51.94492753623189,53.16811594202898,55.69565217391305,60.04231884057972,10.475652173913042,65.64927536231885,2.2110144927536233,0.16666666666666666,18.00086956521739,2.87,11.33,55.25,60.0
492,Role Player,51.94492753623189,53.16811594202898,55.69565217391305,60.04231884057972,10.475652173913042,65.64927536231885,2.2110144927536233,0.16666666666666666,18.00086956521739,3.205,12.11,59.75,63.66666666666666
493,Role Player,51.94492753623189,53.16811594202898,55.69565217391305,60.04231884057972,10.475652173913042,65.64927536231885,2.2110144927536233,0.16666666666666666,18.00086956521739,3.525,13.35,50.25,66.0
494,Role Player,51.94492753623189,53.16811594202898,55.69565217391305,60.04231884057972,10.475652173913042,65.64927536231885,2.2110144927536233,0.16666666666666666,18.00086956521739,3.315,13.08,57.25,58.333333333333336
495,Impact Player,27.0,47.0,45.0,66.9,7.7,44.0,2.73,0.17,20.8,2.925,11.235,62.0,76.0
496,Starter,51.94492753623189,53.16811594202898,55.69565217391305,60.04231884057972,10.475652173913042,65.64927536231885,2.2110144927536233,0.16666666666666666,18.00086956521739,2.85,11.75,60.0,62.333333333333336
497,Role Player,48.0,46.0,55.0,62.1,9.4,61.0,2.34,0.18,17.1,3.035,12.115,57.5,64.33333333333333
498,Starter,66.0,54.0,36.0,63.9,3.4,80.0,2.1,0.2,17.2,3.075,11.1,62.16666666666666,64.0
499,Impact Player,64.0,71.0,69.0,58.2,14.4,77.0,2.35,0.15,18.1,2.99,12.705,55.0,69.0
500,Starter,51.94492753623189,53.16811594202898,55.69565217391305,60.04231884057972,10.475652173913042,65.64927536231885,2.2110144927536233,0.16666666666666666,18.00086956521739,2.99,12.12,63.333333333333336,69.66666666666667
501,Starter,57.0,58.0,63.0,70.5,12.3,71.0,3.55,0.14,17.6,3.105,11.345,67.33333333333333,73.33333333333333
502,Starter,51.94492753623189,53.16811594202898,55.69565217391305,60.04231884057972,10.475652173913042,65.64927536231885,2.2110144927536233,0.16666666666666666,18.00086956521739,3.33,12.71,65.16666666666667,72.66666666666667
503,Starter,51.94492753623189,53.16811594202898,55.69565217391305,60.04231884057972,10.475652173913042,65.64927536231885,2.2110144927536233,0.16666666666666666,18.00086956521739,3.365,12.395,59.333333333333336,66.66666666666667
504,Role Player,51.94492753623189,53.16811594202898,55.69565217391305,60.04231884057972,10.475652173913042,65.64927536231885,2.2110144927536233,0.16666666666666666,18.00086956521739,3.075,11.97,67.5,67.33333333333333
505,Role Player,51.94492753623189,53.16811594202898,55.69565217391305,60.04231884057972,10.475652173913042,65.64927536231885,2.2110144927536233,0.16666666666666666,18.00086956521739,3.335,11.915,67.5,66.33333333333333
506,Role Player,51.94492753623189,53.16811594202898,55.69565217391305,60.04231884057972,10.475652173913042,65.64927536231885,2.2110144927536233,0.16666666666666666,18.00086956521739,2.9,11.365,57.333333333333336,64.66666666666667
507,Role Player,51.94492753623189,53.16811594202898,55.69565217391305,60.04231884057972,10.475652173913042,65.64927536231885,2.2110144927536233,0.16666666666666666,18.00086956521739,3.13,11.995,55.833333333333336,61.333333333333336
508,Role Player,51.94492753623189,53.16811594202898,55.69565217391305,60.04231884057972,10.475652173913042,65.64927536231885,2.2110144927536233,0.16666666666666666,18.00086956521739,3.3600000000000003,12.195,60.0,66.33333333333333
509,Starter,51.94492753623189,53.16811594202898,55.69565217391305,60.04231884057972,10.475652173913042,65.64927536231885,2.2110144927536233,0.16666666666666666,18.00086956521739,3.4800000000000004,13.489999999999998,59.333333333333336,66.33333333333333
510,Starter,45.0,58.0,65.0,55.6,13.3,58.0,2.04,0.15,17.5,3.05,11.595,61.833333333333336,65.33333333333333
511,Starter,41.0,66.0,39.0,54.8,4.1,54.0,1.8,0.17,16.3,3.05,11.595,61.833333333333336,65.33333333333333
512,Role Player,51.94492753623189,53.16811594202898,55.69565217391305,60.04231884057972,10.475652173913042,65.64927536231885,2.2110144927536233,0.16666666666666666,18.00086956521739,3.19,12.74,61.66666666666666,63.66666666666666
513,Role Player,51.94492753623189,53.16811594202898,55.69565217391305,60.04231884057972,10.475652173913042,65.64927536231885,2.2110144927536233,0.16666666666666666,18.00086956521739,3.13,12.08,64.33333333333333,67.0
514,Role Player,51.94492753623189,53.16811594202898,55.69565217391305,60.04231884057972,10.475652173913042,65.64927536231885,2.2110144927536233,0.16666666666666666,18.00086956521739,3.17,12.8,55.333333333333336,63.333333333333336
515,Role Player,51.94492753623189,53.16811594202898,55.69565217391305,60.04231884057972,10.475652173913042,65.64927536231885,2.2110144927536233,0.16666666666666666,18.00086956521739,3.03,11.57,56.66666666666666,64.33333333333333
516,Role Player,51.94492753623189,53.16811594202898,55.69565217391305,60.04231884057972,10.475652173913042,65.64927536231885,2.2110144927536233,0.16666666666666666,18.00086956521739,2.9,11.74,57.66666666666666,63.333333333333336
517,Role Player,51.94492753623189,53.16811594202898,55.69565217391305,60.04231884057972,10.475652173913042,65.64927536231885,2.2110144927536233,0.16666666666666666,18.00086956521739,3.17,12.97,54.0,66.0
518,Role Player,51.94492753623189,53.16811594202898,55.69565217391305,60.04231884057972,10.475652173913042,65.64927536231885,2.2110144927536233,0.16666666666666666,18.00086956521739,3.13,12.4,61.0,62.0
519,Role Player,51.94492753623189,53.16811594202898,55.69565217391305,60.04231884057972,10.475652173913042,65.64927536231885,2.2110144927536233,0.16666666666666666,18.00086956521739,3.08,11.84,59.333333333333336,66.66666666666667
520,Role Player,51.94492753623189,53.16811594202898,55.69565217391305,60.04231884057972,10.475652173913042,65.64927536231885,2.2110144927536233,0.16666666666666666,18.00086956521739,2.92,12.08,59.0,72.33333333333333
521,Role Player,51.94492753623189,53.16811594202898,55.69565217391305,60.04231884057972,10.475652173913042,65.64927536231885,2.2110144927536233,0.16666666666666666,18.00086956521739,3.02,11.82,56.66666666666666,60.66666666666666
522,Role Player,51.94492753623189,53.16811594202898,55.69565217391305,60.04231884057972,10.475652173913042,65.64927536231885,2.2110144927536233,0.16666666666666666,18.00086956521739,3.04,12.38,60.0,66.66666666666667
523,Role Player,51.94492753623189,53.16811594202898,55.69565217391305,60.04231884057972,10.475652173913042,65.64927536231885,2.2110144927536233,0.16666666666666666,18.00086956521739,3.26,12.55,57.333333333333336,57.0
524,Role Player,51.94492753623189,53.16811594202898,55.69565217391305,60.04231884057972,10.475652173913042,65.64927536231885,2.2110144927536233,0.16666666666666666,18.00086956521739,3.125,12.03,61.0,70.0
525,Impact Player,61.0,55.0,64.0,65.3,12.5,75.0,2.78,0.16,16.9,2.855,11.4,65.5,75.33333333333333
526,Impact Player,32.0,55.0,49.0,63.9,7.5,45.0,2.42,0.17,21.0,3.01,11.89,57.66666666666666,76.0
527,Impact Player,51.94492753623189,53.16811594202898,55.69565217391305,60.04231884057972,10.475652173913042,65.64927536231885,2.2110144927536233,0.16666666666666666,18.00086956521739,2.89,11.77,63.0,71.33333333333333
528,Starter,51.94492753623189,53.16811594202898,55.69565217391305,60.04231884057972,10.475652173913042,65.64927536231885,2.2110144927536233,0.16666666666666666,18.00086956521739,3.03,11.54,58.75,70.0
529,Starter,51.94492753623189,53.16811594202898,55.69565217391305,60.04231884057972,10.475652173913042,65.64927536231885,2.2110144927536233,0.16666666666666666,18.00086956521739,3.3,13.02,57.75,76.66666666666667
530,Role Player,51.94492753623189,53.16811594202898,55.69565217391305,60.04231884057972,10.475652173913042,65.64927536231885,2.2110144927536233,0.16666666666666666,18.00086956521739,2.97,11.41,60.75,70.66666666666667
531,Starter,51.94492753623189,53.16811594202898,55.69565217391305,60.04231884057972,10.475652173913042,65.64927536231885,2.2110144927536233,0.16666666666666666,18.00086956521739,3.08,12.71,63.75,63.0
532,Starter,51.94492753623189,53.16811594202898,55.69565217391305,60.04231884057972,10.475652173913042,65.64927536231885,2.2110144927536233,0.16666666666666666,18.00086956521739,2.975,10.9,61.75,70.66666666666667
533,Role Player,51.94492753623189,53.16811594202898,55.69565217391305,60.04231884057972,10.475652173913042,65.64927536231885,2.2110144927536233,0.16666666666666666,18.00086956521739,2.835,11.04,65.75,68.33333333333333
534,Role Player,51.94492753623189,53.16811594202898,55.69565217391305,60.04231884057972,10.475652173913042,65.64927536231885,2.2110144927536233,0.16666666666666666,18.00086956521739,3.4400000000000004,13.43,62.5,71.66666666666667
535,Starter,51.94492753623189,53.16811594202898,55.69565217391305,60.04231884057972,10.475652173913042,65.64927536231885,2.2110144927536233,0.16666666666666666,18.00086956521739,2.965,11.21,64.0,75.66666666666667
536,Role Player,51.94492753623189,53.16811594202898,55.69565217391305,60.04231884057972,10.475652173913042,65.64927536231885,2.2110144927536233,0.16666666666666666,18.00086956521739,3.165,12.57,58.75,75.33333333333333
537,Role Player,51.94492753623189,53.16811594202898,55.69565217391305,60.04231884057972,10.475652173913042,65.64927536231885,2.2110144927536233,0.16666666666666666,18.00086956521739,3.065,11.96,60.75,70.0
538,Role Player,51.94492753623189,53.16811594202898,55.69565217391305,60.04231884057972,10.475652173913042,65.64927536231885,2.2110144927536233,0.16666666666666666,18.00086956521739,3.06,12.3,54.5,74.0
539,Role Player,51.94492753623189,53.16811594202898,55.69565217391305,60.04231884057972,10.475652173913042,65.64927536231885,2.2110144927536233,0.16666666666666666,18.00086956521739,2.83,11.2,64.5,77.66666666666667
540,Role Player,51.94492753623189,53.16811594202898,55.69565217391305,60.04231884057972,10.475652173913042,65.64927536231885,2.2110144927536233,0.16666666666666666,18.00086956521739,3.03,11.28,54.5,67.33333333333333
541,Role Player,51.94492753623189,53.16811594202898,55.69565217391305,60.04231884057972,10.475652173913042,65.64927536231885,2.2110144927536233,0.16666666666666666,18.00086956521739,3.045,11.52,62.25,73.0
542,Impact Player,51.94492753623189,53.16811594202898,55.69565217391305,60.04231884057972,10.475652173913042,65.64927536231885,2.2110144927536233,0.16666666666666666,18.00086956521739,2.9,11.4,62.25,74.33333333333333
543,Role Player,51.94492753623189,53.16811594202898,55.69565217391305,60.04231884057972,10.475652173913042,65.64927536231885,2.2110144927536233,0.16666666666666666,18.00086956521739,3.03,11.3,60.25,73.0
544,Role Player,51.94492753623189,53.16811594202898,55.69565217391305,60.04231884057972,10.475652173913042,65.64927536231885,2.2110144927536233,0.16666666666666666,18.00086956521739,3.095,11.9,61.25,77.33333333333333
545,Impact Player,51.94492753623189,53.16811594202898,55.69565217391305,60.04231884057972,10.475652173913042,65.64927536231885,2.2110144927536233,0.16666666666666666,18.00086956521739,3.18,11.93,64.66666666666667,68.33333333333333
546,Impact Player,51.94492753623189,53.16811594202898,55.69565217391305,60.04231884057972,10.475652173913042,65.64927536231885,2.2110144927536233,0.16666666666666666,18.00086956521739,3.2,12.38,67.33333333333333,71.33333333333333
547,Starter,51.94492753623189,53.16811594202898,55.69565217391305,60.04231884057972,10.475652173913042,65.64927536231885,2.2110144927536233,0.16666666666666666,18.00086956521739,3.49,13.67,60.66666666666666,75.0
548,Starter,51.94492753623189,53.16811594202898,55.69565217391305,60.04231884057972,10.475652173913042,65.64927536231885,2.2110144927536233,0.16666666666666666,18.00086956521739,3.14,12.0,56.0,65.66666666666667
549,Impact Player,51.94492753623189,53.16811594202898,55.69565217391305,60.04231884057972,10.475652173913042,65.64927536231885,2.2110144927536233,0.16666666666666666,18.00086956521739,3.16,12.02,61.333333333333336,67.0
550,Impact Player,51.94492753623189,53.16811594202898,55.69565217391305,60.04231884057972,10.475652173913042,65.64927536231885,2.2110144927536233,0.16666666666666666,18.00086956521739,3.34,12.07,61.0,80.66666666666667
551,Impact Player,51.94492753623189,53.16811594202898,55.69565217391305,60.04231884057972,10.475652173913042,65.64927536231885,2.2110144927536233,0.16666666666666666,18.00086956521739,3.09,11.73,62.0,66.66666666666667
552,Role Player,51.94492753623189,53.16811594202898,55.69565217391305,60.04231884057972,10.475652173913042,65.64927536231885,2.2110144927536233,0.16666666666666666,18.00086956521739,3.16,12.24,57.66666666666666,64.33333333333333
553,Starter,51.94492753623189,53.16811594202898,55.69565217391305,60.04231884057972,10.475652173913042,65.64927536231885,2.2110144927536233,0.16666666666666666,18.00086956521739,3.3,13.06,55.0,66.33333333333333
554,Starter,51.94492753623189,53.16811594202898,55.69565217391305,60.04231884057972,10.475652173913042,65.64927536231885,2.2110144927536233,0.16666666666666666,18.00086956521739,3.08,11.9,59.333333333333336,64.66666666666667
555,Role Player,51.94492753623189,53.16811594202898,55.69565217391305,60.04231884057972,10.475652173913042,65.64927536231885,2.2110144927536233,0.16666666666666666,18.00086956521739,3.38,13.22,58.333333333333336,61.0
556,Role Player,51.94492753623189,53.16811594202898,55.69565217391305,60.04231884057972,10.475652173913042,65.64927536231885,2.2110144927536233,0.16666666666666666,18.00086956521739,3.09,12.23,51.0,56.0
557,Starter,51.94492753623189,53.16811594202898,55.69565217391305,60.04231884057972,10.475652173913042,65.64927536231885,2.2110144927536233,0.16666666666666666,18.00086956521739,3.14,11.91,53.5,62.5
558,Role Player,51.94492753623189,53.16811594202898,55.69565217391305,60.04231884057972,10.475652173913042,65.64927536231885,2.2110144927536233,0.16666666666666666,18.00086956521739,2.91,11.57,57.0,70.0
559,Impact Player,51.94492753623189,53.16811594202898,55.69565217391305,60.04231884057972,10.475652173913042,65.64927536231885,2.2110144927536233,0.16666666666666666,18.00086956521739,3.3,12.49,56.5,70.5
560,Role Player,51.94492753623189,53.16811594202898,55.69565217391305,60.04231884057972,10.475652173913042,65.64927536231885,2.2110144927536233,0.16666666666666666,18.00086956521739,3.06,12.48,55.0,66.0
561,Starter,51.94492753623189,53.16811594202898,55.69565217391305,60.04231884057972,10.475652173913042,65.64927536231885,2.2110144927536233,0.16666666666666666,18.00086956521739,2.86,11.34,58.0,62.0
562,Role Player,51.94492753623189,53.16811594202898,55.69565217391305,60.04231884057972,10.475652173913042,65.64927536231885,2.2110144927536233,0.16666666666666666,18.00086956521739,3.67,13.67,56.5,61.5
563,Starter,51.94492753623189,53.16811594202898,55.69565217391305,60.04231884057972,10.475652173913042,65.64927536231885,2.2110144927536233,0.16666666666666666,18.00086956521739,3.08,12.27,57.0,55.0
564,Starter,51.94492753623189,53.16811594202898,55.69565217391305,60.04231884057972,10.475652173913042,65.64927536231885,2.2110144927536233,0.16666666666666666,18.00086956521739,3.14,12.33,63.5,66.0
565,Starter,51.94492753623189,53.16811594202898,55.69565217391305,60.04231884057972,10.475652173913042,65.64927536231885,2.2110144927536233,0.16666666666666666,18.00086956521739,3.16,12.35,55.5,66.0
566,Role Player,51.94492753623189,53.16811594202898,55.69565217391305,60.04231884057972,10.475652173913042,65.64927536231885,2.2110144927536233,0.16666666666666666,18.00086956521739,3.16,12.78,57.5,63.5
567,Starter,51.94492753623189,53.16811594202898,55.69565217391305,60.04231884057972,10.475652173913042,65.64927536231885,2.2110144927536233,0.16666666666666666,18.00086956521739,2.94,11.96,63.5,62.0
568,Role Player,51.94492753623189,53.16811594202898,55.69565217391305,60.04231884057972,10.475652173913042,65.64927536231885,2.2110144927536233,0.16666666666666666,18.00086956521739,3.03,12.76,55.0,69.0
569,Impact Player,51.94492753623189,53.16811594202898,55.69565217391305,60.04231884057972,10.475652173913042,65.64927536231885,2.2110144927536233,0.16666666666666666,18.00086956521739,3.18,12.01,58.0,67.5
570,Role Player,51.94492753623189,53.16811594202898,55.69565217391305,60.04231884057972,10.475652173913042,65.64927536231885,2.2110144927536233,0.16666666666666666,18.00086956521739,3.14,11.8,54.5,70.0
571,Impact Player,51.94492753623189,53.16811594202898,55.69565217391305,60.04231884057972,10.475652173913042,65.64927536231885,2.2110144927536233,0.16666666666666666,18.00086956521739,3.03,11.85,57.0,71.5
572,Starter,51.94492753623189,53.16811594202898,55.69565217391305,60.04231884057972,10.475652173913042,65.64927536231885,2.2110144927536233,0.16666666666666666,18.00086956521739,3.03,11.21,61.0,70.0
573,Role Player,51.94492753623189,53.16811594202898,55.69565217391305,60.04231884057972,10.475652173913042,65.64927536231885,2.2110144927536233,0.16666666666666666,18.00086956521739,3.14,12.27,48.5,72.0
574,Role Player,51.94492753623189,53.16811594202898,55.69565217391305,60.04231884057972,10.475652173913042,65.64927536231885,2.2110144927536233,0.16666666666666666,18.00086956521739,3.43,13.19,56.5,71.0
575,Role Player,51.94492753623189,53.16811594202898,55.69565217391305,60.04231884057972,10.475652173913042,65.64927536231885,2.2110144927536233,0.16666666666666666,18.00086956521739,3.26,12.07,59.0,65.0
576,Role Player,51.94492753623189,53.16811594202898,55.69565217391305,60.04231884057972,10.475652173913042,65.64927536231885,2.2110144927536233,0.16666666666666666,18.00086956521739,3.15,12.26,63.5,70.66666666666667
577,Impact Player,51.94492753623189,53.16811594202898,55.69565217391305,60.04231884057972,10.475652173913042,65.64927536231885,2.2110144927536233,0.16666666666666666,18.00086956521739,3.14,13.61,58.5,72.33333333333333
578,Starter,51.94492753623189,53.16811594202898,55.69565217391305,60.04231884057972,10.475652173913042,65.64927536231885,2.2110144927536233,0.16666666666666666,18.00086956521739,3.09,12.11,63.0,71.0
579,Role Player,51.94492753623189,53.16811594202898,55.69565217391305,60.04231884057972,10.475652173913042,65.64927536231885,2.2110144927536233,0.16666666666666666,18.00086956521739,3.29,12.72,62.0,76.66666666666667
580,Role Player,51.94492753623189,53.16811594202898,55.69565217391305,60.04231884057972,10.475652173913042,65.64927536231885,2.2110144927536233,0.16666666666666666,18.00086956521739,3.14,11.77,63.0,67.0
581,Impact Player,51.94492753623189,53.16811594202898,55.69565217391305,60.04231884057972,10.475652173913042,65.64927536231885,2.2110144927536233,0.16666666666666666,18.00086956521739,3.06,11.94,61.0,73.66666666666667
582,Starter,51.94492753623189,53.16811594202898,55.69565217391305,60.04231884057972,10.475652173913042,65.64927536231885,2.2110144927536233,0.16666666666666666,18.00086956521739,2.97,11.61,66.0,66.0
583,Starter,51.94492753623189,53.16811594202898,55.69565217391305,60.04231884057972,10.475652173913042,65.64927536231885,2.2110144927536233,0.16666666666666666,18.00086956521739,3.02,11.45,60.0,65.33333333333333
584,Role Player,51.94492753623189,53.16811594202898,55.69565217391305,60.04231884057972,10.475652173913042,65.64927536231885,2.2110144927536233,0.16666666666666666,18.00086956521739,3.01,11.26,61.5,66.66666666666667
585,Impact Player,51.94492753623189,53.16811594202898,55.69565217391305,60.04231884057972,10.475652173913042,65.64927536231885,2.2110144927536233,0.16666666666666666,18.00086956521739,2.98,11.38,66.5,66.66666666666667
586,Starter,51.94492753623189,53.16811594202898,55.69565217391305,60.04231884057972,10.475652173913042,65.64927536231885,2.2110144927536233,0.16666666666666666,18.00086956521739,2.82,10.74,65.0,68.66666666666667
587,Role Player,51.94492753623189,53.16811594202898,55.69565217391305,60.04231884057972,10.475652173913042,65.64927536231885,2.2110144927536233,0.16666666666666666,18.00086956521739,3.2,12.75,60.5,71.0
588,Starter,51.94492753623189,53.16811594202898,55.69565217391305,60.04231884057972,10.475652173913042,65.64927536231885,2.2110144927536233,0.16666666666666666,18.00086956521739,2.98,11.99,55.5,71.0
589,Role Player,51.94492753623189,53.16811594202898,55.69565217391305,60.04231884057972,10.475652173913042,65.64927536231885,2.2110144927536233,0.16666666666666666,18.00086956521739,3.15,11.89,65.0,64.33333333333333
590,Impact Player,46.0,56.0,74.0,67.1,17.1,62.0,2.93,0.15,20.0,3.15,14.44,60.0,79.66666666666667
